id,display_name,category,sku,supplier_name,current_allergens_neon,sprwt_suggested_allergens,sprwt_suggested_dislikes,sprwt_raw_allergens,final_allergens,final_dislikes,status,notes
e21c1aab-e474-433a-9ec2-3abc1648dd59,Garlic,,,Wholesale Club,,,,,,,needs_review,
52da4aed-a462-4e9b-a5cc-96b0a2d24e5f,Salted Vegan Butter,Dairy,EBD-T003,,,,,,,,needs_review,
88cc5da1-7833-4ea3-8dfd-5af2aa5d6fc4,Canned Black Beans,Dry,ING-1044,GFS - 003,,,,,,,needs_review,
65d1e9f7-306a-46c0-882a-58ef7c4ad469,Baby Arugula,Fresh,1281805,GFS - 003,,,,,,,needs_review,
f6e121bb-c3c0-40dd-860d-101d4889af3b,Baby Carrots,Fresh,EBD-1371,GFS - 003,,,,,,,needs_review,
68a93b0f-453d-4084-8a3b-35ea343031e5,"Baby Dill, Fresh",Fresh,1424140,Pratt's - 007,,,,,,,needs_review,
644e23e0-0cb2-40bf-9871-71d483e9c042,Bok Choy,Fresh,EBD-792,GFS - 003,,,,,,,needs_review,
300fb02f-1fed-4ea4-af75-0cba84993935,Cherry Tomatoes,Fresh,1371716,GFS - 003,,,,,,,needs_review,
4f288056-7624-48e3-bf02-7ddc0cb29b80,Cilantro,Fresh,1275005,GFS - 003,,,Cilantro,,,,matched,
b0560042-d78f-42a5-a6fa-1293dda7a888,Crystal Springs Greek Yogurt,Fresh,1380154,GFS - 003,,Dairy,,Dairy; All Animal Products,,,matched,
5fdd978c-10b9-49ca-9f12-6d40514a3c79,DSI Extra Firm Tofu - 5.25 kg/case,Fresh,EBD-119,DSI,,,,,,,needs_review,
beababe8-b81b-4ae0-9dee-5ce27e6a2bd5,DSI Smooth Tofu- 7kg/case.,Fresh,EBD-268,DSI,,,,,,,needs_review,
5499b071-35da-431e-89b1-a20750f8a10e,"Dairyland Cottage Cheese, 2 Percent",Fresh,9013405,GFS - 003,,Dairy,,Dairy; All Animal Products,,,matched,
7b99eaf0-b4a3-4fd5-ac83-0076e5cb5286,Earths Own Unsweetened Oat Milk,Fresh,EBD-953,Costco - 001,,,,,,,needs_review,
1854bc1a-07e5-45fb-b6f8-feb475fabb87,Fresh Baby Spinach,Fresh,1159605,GFS - 003,,,,,,,needs_review,
20c72b0f-4c9c-4578-92b3-178736f038d0,Fresh Basil,Fresh,1424130,GFS - 003,,,,,,,needs_review,
1b2d61b9-c738-4c34-a93e-25eab779dcaf,Fresh Mint,Fresh,1424145,GFS - 003,,,,,,,needs_review,
f62bab3f-0be4-4028-b5a5-a644042dac5a,Fresh Start Jicama Root,Fresh,EBD-2404,GFS - 003,,,,,,,needs_review,
74c804a3-ff26-47e5-8f08-f8b7c28011a2,Fresh Start Pico De Gallo Salsa,Fresh,EBD-2082,GFS - 003,,,,,,,needs_review,
0e338229-df36-4065-b1f1-dcbe5fe33b87,Gordon Choice Liquid Whole Eggs,Fresh,9938805,Pratt's - 007,,Eggs,,All Animal Products; Egg,,,matched,
fca19ce5-4af9-4c20-bde7-00fb907ebe42,Gordon Choice Sour Cream,Fresh,9184405,GFS - 003,,Dairy,,Dairy,,,matched,
693e48f1-094f-4257-bb76-d5a0e565638f,Gordon Choice Vegan Basil Pesto Sauce (by Case),Fresh,1469886,GFS - 003,,,,,,,needs_review,
49763821-d7ba-48c5-80a5-5fad2d2770d1,Green Bell Pepper,Fresh,513192,Pratt's - 007,,,,,,,needs_review,
d0280fcd-4b50-4862-8ce7-f160882cb517,Green Onions,Fresh,2343116,GFS - 003,,,,,,,needs_review,
58225d70-b3a9-4b8c-9839-12d086127f19,Green Zucchini,Fresh,1278231,Pratt's - 007,,,Zucchini,,,,matched,
3083f82f-7f97-4e55-bf2e-6beb128e794c,Jumbo Carrots,Fresh,511865,Pratt's - 007,,,,,,,needs_review,
e422d4d0-8541-465d-b2fc-f54f9b2c5ed6,Jumbo Yam,Fresh,163147,Pratt's - 007,,,,,,,needs_review,
21015afa-c1bb-4d7c-aadb-4d83b00a0885,Lime Juice,Fresh,EBD-110,GFS - 003,,,,,,,needs_review,
65a9560a-1c17-41fd-9429-ad6493bbe6ea,Liquid Egg Whites,Fresh,1248549,Pratt's - 007,,Eggs,,All Animal Products; Egg,,,matched,
7c522914-8e55-403b-9b13-693a74928735,Miniature Cucumbers,Fresh,1211458,GFS - 003,,,,,,,needs_review,
444999a9-ddcc-4a4a-9f90-a2931b4582fd,Napa Cabbage,Fresh,1288962,GFS - 003,,,,,,,needs_review,
6e06aeec-a34e-4959-93b0-ab79253d6d1e,Pickled Ginger,Fresh,EBD-331,Wholesale Club  - 014,,,,,,,needs_review,
acb2650a-fe96-4223-852d-fa51295a0747,Pre-Shredded Kale,Fresh,1243216,GFS - 003,,,,,,,needs_review,
7eb5538a-e99b-4980-bc00-166aa164e1e1,President Crumbled Dairy Feta,Fresh,1354946,GFS - 003,,Dairy,,Dairy; All Animal Products,,,matched,
0fd7bebb-d4dd-4b81-959b-93f2b60252ca,Ready-Set-Serve Parsley,Fresh,1282605,GFS - 003,,,,,,,needs_review,
a2465c38-b1d3-40f5-b69d-dbd5cec73439,Red Bell Peppers,Fresh,1218810,Pratt's - 007,,,,,,,needs_review,
32812371-18e4-428d-a234-06857e5f1e00,Red Onions,Fresh,131102,Pratt's - 007,,,,,,,needs_review,
ff737213-742f-41d6-8277-78dec69739e9,Red Wine Vinegar,Fresh,9643805,GFS - 003,,,,,,,needs_review,
42fe786e-7d0b-4313-9221-2ff13dbf01d2,Roma Tomatoes,Fresh,1184405,Pratt's - 007,,,,,,,needs_review,
fe1d42a2-1e4b-4f9b-a822-6228d6741817,Russet Potatoes,Fresh,1010005,Pratt's - 007,,,,,,,needs_review,
579cbbc3-0072-4950-aa22-07d69db9e722,Shredded Mozzarella Cheese + Edam,Fresh,1203020,GFS - 003,,Dairy,,Dairy; All Animal Products,,,matched,
822fba85-6bf6-4ff1-9b01-99c864dd2b73,Shredded Nacho Cheese Blend,Fresh,1203023,GFS - 003,,Dairy,,Dairy; All Animal Products,,,matched,
269efb10-5a46-4878-a403-f93bcbf09737,Shredded Parmesan Cheese,Fresh,1004751,GFS - 003,,Dairy,,Dairy; All Animal Products,,,matched,
57a1bc7b-b71a-4fc9-aaa7-6db913e81223,Sliced Mild Cheddar Cheese,Fresh,1444920,GFS - 003,,Dairy,,Dairy; All Animal Products,,,matched,
58201e7e-3c98-4d5c-8145-81e2a257b796,Sliced Swiss Cheese,Fresh,EBD-2340,GFS - 003,,Dairy,,Dairy; All Animal Products,,,matched,
f81c108c-896c-4e8a-b835-4fd067ac6bdc,Spring Mix,Fresh,1376005,GFS - 003,,,,,,,needs_review,
8bf6ab0a-8c17-457f-9cb8-fd2b2d24554d,Sugar Snap Peas,Fresh,1334181,GFS - 003,,,,,,,needs_review,
f33b4ec4-7bd2-4ae6-b02c-83f5f5a002f8,Thai Basil,Fresh,1157900,GFS - 003,,,,,,,needs_review,
c5eff542-5e17-40ee-9f8e-cef085f5f0a1,Vegan Butter,Fresh,EBD-1677,Wholesale Club  - 014,,,,,,,needs_review,
ce732bbb-de34-49ec-a682-96c5e1564ede,Whole Broccoli,Fresh,1571205,Pratt's - 007,,,,,,,needs_review,
f2a28710-72f8-4e37-8d3c-6a3ee27c5702,Whole Cauliflower,Fresh,EBD-91,Pratt's - 007,,,,,,,needs_review,
cebf8455-cb97-4ed0-aa95-2d914412ffb1,Whole Celery,Fresh,1602005,GFS - 003,,,,,,,needs_review,
65c33f97-6be5-4487-a308-74b3e083c998,Whole Dill Pickles,Fresh,9829805,GFS - 003,,,,,,,needs_review,
834f0033-9804-42a8-913e-4550cbe54315,Whole Green Cabbage,Fresh,149500,Pratt's - 007,,,,,,,needs_review,
0f8c3b12-a91f-4a74-a026-61d665be021d,Whole Red Beets,Fresh,1066805,GFS - 003,,,Beets,,,,matched,
bdd35a1f-ef59-45db-8ae2-394565970351,Whole Red Cabbage,Fresh,511782,Pratt's - 007,,,,,,,needs_review,
00eb2df2-3288-4ca8-bfc9-3357f91e03fa,Yamaku White Miso,Fresh,1454035,GFS - 003,,,,,,,needs_review,
1a8c3929-1879-42ba-83fb-11dfb6d8b0b5,Yellow Onion,Fresh,457549,Pratt's - 007,,,,,,,needs_review,
4d08cbc7-51de-44ef-bb11-e8682a57cae9,Yellow Peppers,Fresh,1294436,GFS - 003,,,,,,,needs_review,
74af5217-4f89-4e05-90dd-0025d2b7fa79,Yellow Potato,Fresh,195073,Pratt's - 007,,,,,,,needs_review,
b3429753-cebe-4845-a557-ab38d7cf95b7,10 inch Dempster's White Tortilla,Frozen,EBD-1651,Costco - 001,,Gluten; Wheat,,Wheat; Gluten,,,matched,
7563ea09-6e6f-401b-9033-1a6e1b0519bc,10In Whole Wheat Flour Tortilla Wraps,Frozen,1359935,GFS - 003,,Gluten; Wheat,,Wheat; Gluten,,,matched,
4107c0c4-520a-422d-9dde-815e87a59b98,4oz Boneless Skinless Seasoned Chicken Breasts,Frozen,1346413,GFS - 003,,,,Chicken; All Animal Products,,,matched,
59e9dc6e-9061-4675-90e9-183b6172d8b8,4oz Chuck Beef Burger Patties,Frozen,5746138,GFS - 003,,Gluten; Wheat,,Wheat; Gluten; Beef; All Animal Products,,,matched,
194e6555-3fc7-4457-8120-8a6b78aa57f5,4oz Salmon,Frozen,3251405,GFS - 003,,Fish,,All Animal Products; Fish,,,matched,
a548737f-07a6-4cb7-8969-9ce416828672,ACE Brioche Burger Buns,Frozen,1475417,GFS - 003,,Dairy; Gluten,,Gluten; Dairy,,,matched,
7648f603-d746-4cc0-8925-274b53726476,Bacon Crumble,Frozen,EBD-2324,GFS - 003,,,,Pork; All Animal Products,,,matched,
7de0c547-a569-41b3-89d6-cbda72b61975,Cannelloni,Frozen,1299816,GFS - 003,,Gluten; Wheat,,Wheat; Gluten; Beef; Pork; All Animal Products,,,matched,
ac1e28d8-0be1-4ad9-817a-e6521e2cc79c,Egg Solutions Bacon Cheddar Egg Bites,Frozen,1441636,GFS - 003,,Dairy; Eggs,,Dairy; All Animal Products; Egg,,,matched,
aacde53f-31a9-4a43-9948-0ffefcada04b,Egg Solutions Spinach & Red Pepper Egg Bites,Frozen,1409167,GFS - 003,,Dairy; Eggs,,Dairy; All Animal Products; Egg,,,matched,
a3172008-59d3-4ea4-8701-8a7e866713a8,Eggplant,Frozen,1243652,Pratt's - 007,,,Eggplant,,,,matched,
34349700-b4d6-466a-9949-957bb7554225,Extra Lean Ground Turkey,Frozen,1190000,Pratt's - 007,,,,All Animal Products; Turkey,,,matched,
01ad6ec9-ede2-4956-8e77-23c650bccfeb,Fresh Galangal,Frozen,EBD-103,T & T - 013,,,,,,,needs_review,
c0d52777-c0a5-4309-bac3-54ca9fe00ca6,Fresh Ginger Root,Frozen,1353443,GFS - 003,,,,,,,needs_review,
96a19bed-2957-4efd-9bd8-44458b6b95d0,Fresh Whole Jalapeno,Frozen,1233273,GFS - 003,,,,,,,needs_review,
2d578a05-52d1-424d-a038-878c512a70b3,Frozen Carolina BBQ Sauce,Frozen,EBD-2503,n / a - 006,,,,,,,needs_review,
c71049ed-8351-400b-b73c-566cfbc1a502,Frozen Corn Nibblets (No Name Brand),Frozen,EBD-138,Wholesale Club  - 014,,,Corn,Corn,,,matched,
fcd28199-06a2-41c8-8426-91a7d236244f,Frozen Diced Carrot,Frozen,7080626,GFS - 003,,,,,,,needs_review,
04ffcacf-a84e-4109-bb72-6cda71b01156,Frozen Diced Green Beans (No Name),Frozen,EBD-30,Wholesale Club  - 014,,,,,,,needs_review,
6fd23bd4-7495-472b-b2c1-5b87cc64d2c6,Frozen Lime Leaves,Frozen,EBD-104,T & T - 013,,,,,,,needs_review,
30210388-e33b-4d6f-b200-94c826e67d22,Frozen Minced Lemongrass,Frozen,EBD-99,T & T - 013,,,,,,,needs_review,
eff7e998-400c-4598-b7f2-258b5518ecb5,Frozen Peas (No Name),Frozen,EBD-160,Wholesale Club  - 014,,,,,,,needs_review,
76e38842-2950-4be9-ac00-2db964addcd5,Gordon Choice 4oz Sliced Philly Beef Steaks,Frozen,7670856,GFS - 003,,,,Beef; All Animal Products,,,matched,
e0eb9336-04e5-4f0d-8148-1d8352ad720a,Gordon Choice Fried Patty Eggs,Frozen,1353548,GFS - 003,,Eggs,,All Animal Products; Egg,,,matched,
6ee7124c-7376-4eb7-b64d-e842dabbf991,Gordon Choice Plain Omelettes,Frozen,1353545,GFS - 003,,Dairy; Eggs,,Dairy; All Animal Products; Egg,,,matched,
b986b6f1-3d79-46e9-b342-0088d029623d,Gordon Choice Plant Based Meatballs,Frozen,EBD-2941,GFS - 003,,Gluten; Wheat,,Wheat; Gluten; Sunflower,,,matched,
fd274232-319f-4082-993c-5f3079371fa4,"Gordon Signature Vegetable Medley Dim Sum, Vegan",Frozen,1328361,GFS - 003,,Sesame; Wheat,Mushrooms,Wheat; Sesame,,,matched,
33ea3283-6a32-40f6-88d2-50131eefeeb7,"Intercity Custom Meats 1In Diced Beef, Individually Vacuum Packd, Retail Ready, Frozen",Frozen,1429177,GFS - 003,,,,,,,needs_review,
a3a67e8a-dcae-474b-9b60-1af6bd450f6b,Jimmy Dean Pork Sausage Patties,Frozen,1329725,GFS - 003,,,,Pork; All Animal Products,,,matched,
a982bcc6-40bd-4999-ae71-85663e1eea78,"Kapow Mini Vegetable Samosas, Appetizer",Frozen,1432213,GFS - 003,,Gluten; Wheat,,Wheat; Gluten,,,matched,
4dbfafce-c2ab-48e6-8df1-441f7a8475f9,Lean Ground Beef,Frozen,8360405,Pratt's - 007,,,,Beef; All Animal Products,,,matched,
52e11fc3-1e5b-4908-a0dc-be80f2a0160d,Maple Leaf Raw Scratch Meat Chorizo,Frozen,1349379,GFS - 003,,,,Pork,,,matched,
3e9e2430-db45-4c68-85c5-dc7716d1eeeb,Mini Tofu Puffs,Frozen,ING-1309,DSI - 002,,,,,,,needs_review,
b1982fe8-e182-433c-b7b0-35133e8a5e09,Mini Tofu Puffs - 2.3kg/case.,Frozen,EBD-1309,DSI,,,,,,,needs_review,
bd8fb21a-ebcc-4fb0-9f95-1df59817577f,Moov Frozen Organic Mango Chunks,Frozen,EBD-955,Costco - 001,,,,,,,needs_review,
fdae5f75-3a9a-4bc8-abd8-fecc0b8632e8,"Peeled Bean Edamame, Frozen",Frozen,3242005,GFS - 003,,,,,,,needs_review,
dad95174-b455-488e-a11c-69965a8da1ad,"Pitas Inc, Falafal Patties",Frozen,EBD-1800,GFS - 003,,Gluten; Wheat,,Wheat; Gluten,,,matched,
f3e2a091-37ee-4530-93c0-5e647b69da31,Pork Butt,Frozen,1359579,GFS - 003,,,,Pork; All Animal Products,,,matched,
fe407e3d-d88d-4b57-8938-9b83d97bd173,Pre-Sliced Mushroom,Frozen,1326115,Pratt's - 007,,,Mushrooms,,,,matched,
8193ea5c-30a0-4eb7-9e96-424e14e18c5c,Shallots,Frozen,1417352,GFS - 003,,,,,,,needs_review,
de54dbbb-4ede-4585-85e6-056daa148ac5,Shrimp,Frozen,1163169,GFS - 003,,Shellfish,,Shellfish; All Animal Products,,,matched,
aa650a47-7e36-453c-ad1a-dbc7d9bec787,"Sliced Ciabatta, 3x7In, Thaw and Serve (110g)",Frozen,1384253,GFS - 003,,Gluten; Wheat,,Wheat; Gluten,,,matched,
90cfd74d-9029-4217-84a3-cafe7ee15f9f,Spolumbo's Chicken Apple Sausages,Frozen,1147955,GFS - 003,,,,Chicken; All Animal Products,,,matched,
a0a15553-e385-4e42-bb40-5da66e65c03f,Tavolini Italian Meatballs 2oz,Frozen,5388405,GFS - 003,,Dairy; Gluten; Wheat,,Wheat; Gluten; Dairy; Beef; All Animal Products,,,matched,
f1c46f0e-1c66-4236-8299-7cdb84376ed2,Three Berry Blend (Frozen Berries),Frozen,EBD-990,Costco - 001,,,,,,,needs_review,
fdbdacdf-3212-421c-9c85-760a9771908c,Turkey Bacon,Frozen,7451805,GFS - 003,,,,All Animal Products; Turkey,,,matched,
57a5dc89-83c4-45ad-acf4-00ca95a0b080,Whole Frozen Green Bean,Frozen,1051716,GFS - 003,,,,,,,needs_review,
c1fa38a3-66e6-45dc-873c-27afc6c063f7,5 spice,Pantry,EBD-505,Wholesale Club  - 014,,,,,,,needs_review,
d2759aee-8c47-40a1-8ae4-85468df830d3,Apple Cider Vinegar,Pantry,1179807,GFS - 003,,,,,,,needs_review,
dbcb6a90-4f8a-4aab-b2a2-d5a280faa1a3,Apple Juice,Pantry,EBD-779,Wholesale Club  - 014,,,,,,,needs_review,
d2fe888e-841a-44b9-bb9e-e3eed2f61307,Aquafaba Powder,Pantry,1101,Wholesale Club  - 014,,,,Chickpea,,,matched,
c2b5e657-64c7-4075-9d84-53febf16def3,Astra Fire Roasted Salsa,Pantry,EBD-2443,GFS - 003,,,,,,,needs_review,
4668ed11-8f6c-410c-ac6e-5180253a1772,Baking Soda,Pantry,EBD-693,Wholesale Club  - 014,,,,,,,needs_review,
0a29d911-2e1f-431f-853a-8751769904a4,Balsamic Vinegar,Pantry,8480805,GFS - 003,,,,,,,needs_review,
a30ec357-f6f4-4219-bcd4-77d13f6b1800,Basil Dried,Pantry,EBD-804,Wholesale Club  - 014,,,,,,,needs_review,
1e0c1522-79d6-4545-89d5-1c1f5de08307,Basmati Rice,Pantry,EBD-49,Wholesale Club  - 014,,,,,,,needs_review,
06510d5a-2220-4bd7-b779-6f5f3389fb6a,Bay Leaves,Pantry,EBD-87,Wholesale Club  - 014,,,,,,,needs_review,
e98dfcbe-fc9b-427f-93c2-fe738b416afb,Black Chia Seeds,Pantry,EBD-951,Tootsi - 009,,,,,,,needs_review,
2e75ac37-5428-4aec-a8be-bf1f4e190089,Black Pepper,Pantry,EBD-148,Wholesale Club  - 014,,,,,,,needs_review,
3955e356-9c42-48f1-ab69-bf5e910d3d28,Black Sesame Seeds,Pantry,EBD-3,Tootsi - 009,,Sesame,,Sesame,,,matched,
d6fab908-9a71-4e13-9923-820f93b6d1f9,Brown Rice,Pantry,EBD-289,Wholesale Club  - 014,,,,,,,needs_review,
e1611b5c-2353-45f5-992e-50e17b293f4b,Butler's Soy Curls,Pantry,EBD-410,Vegan Supply - 010,,,Soy Curls,,,,matched,
a28fb923-f168-45aa-b274-6ed22d0d8607,Cane Sugar,Pantry,EBD-67,Tootsi - 009,,,,,,,needs_review,
b4f15b68-a0dd-40fc-a52d-776fca7cac76,Canned Black Beans Not Strained,Pantry,1218874,GFS - 003,,,,,,,needs_review,
40607d99-82cc-4e36-9663-57e8d06a162d,Canned Chickpea,Pantry,1404491,GFS - 003,,,,Chickpea,,,matched,
d9e86588-e633-494b-8f6b-0240e1be60d9,Canned Chipotle Peppers,Pantry,9312405,GFS - 003,,,,,,,needs_review,
6943bd10-7350-4455-afcf-898e6121ee39,Canned Cut Baby Corn,Pantry,EBD-176,Wholesale Club  - 014,,,Corn,,,,matched,
bfb168d2-dbbf-4d08-97fd-03dfe7fe73ae,Canned Fire Roasted Diced Tomato(GFS Brand),Pantry,EBD-1465,GFS - 003,,,,,,,needs_review,
42fa9e99-55c3-496f-8c01-633392659b24,Canned Kidney Bean,Pantry,EBD-420,GFS - 003,,,,,,,needs_review,
11bd126f-80d0-476f-9c26-e8ab45cae3df,Canned Kosa Coconut Milk,Pantry,105882,Pratt's - 007,,,,,,,needs_review,
eb596961-f462-46cb-96c5-b81e7ada6bfa,Canned Mandarin Oranges,Pantry,2018938,GFS - 003,,,,,,,needs_review,
3f0645f8-9e2b-471c-939e-0e5d0fe1e9ff,Canned Roasted Red Peppers,Pantry,EBD-T002,,,,,,,,needs_review,
02a4bad3-9350-4303-bfaf-b291e85e160c,Canned Tomatillos,Pantry,EBD-2160,La Molienda Foods Inc - 005,,,,,,,needs_review,
5b03c901-8ca0-4216-a7ef-9e88c2d0ce7e,Canola Oil,Pantry,EBD-44,Wholesale Club  - 014,,,,,,,needs_review,
0f747e4e-11cc-4755-a78d-6f44e57d71ce,Capers,Pantry,1026952,GFS - 003,,,,,,,needs_review,
333d0230-9ed4-4acf-ac84-78884e2623a0,Cashew Butter (Tootsi),Pantry,EBD-1814,Tootsi - 009,,Tree Nuts,,Tree Nuts; Cashew,,,matched,
a3c7116f-0672-4f78-939f-ec8cb251c61d,Cashew Butts (Tootsi),Pantry,EBD-179,Tootsi - 009,,Tree Nuts,,Tree Nuts; Cashew,,,matched,
20577960-ae37-431b-b783-b7443c4a7872,Cayenne Powder,Pantry,EBD-155,Wholesale Club  - 014,,,,,,,needs_review,
c9917f48-f360-4cf8-abed-41405e56b7bf,Celery Seed,Pantry,EBD-1148,Wholesale Club  - 014,,,,,,,needs_review,
f8526cfc-ff7c-418f-9d98-36a7cd036725,Chili Flakes,Pantry,EBD-145,Wholesale Club  - 014,,,,,,,needs_review,
4020e9bc-5acf-4b33-b5e0-4172c9bbe4cd,Cinnamon Stick,Pantry,EBD-1333,Wholesale Club  - 014,,,,,,,needs_review,
c55bbf19-8098-4429-97b1-838aae77d831,Club House -Montreal Chicken Seasoning (675 g),Pantry,EBD-2442,Wholesale Club  - 014,,,,,,,needs_review,
1164ec40-55b4-496f-ad75-b378b183ff9e,"Club House, Italiano, Signature Blends",Pantry,EBD-1369,Wholesale Club  - 014,,,,,,,needs_review,
bfe21bba-3a51-4b89-9b3a-a5c25ecc8b12,Clubhouse Greek Spice Blend,Pantry,EBD-318,Wholesale Club  - 014,,,,,,,needs_review,
2a811d04-40f9-4327-955d-d0be8b96dab9,Clubhouse Italian Seasoning,Pantry,EBD-1338,Wholesale Club  - 014,,,,,,,needs_review,
93de1d1c-5b93-455f-b500-87e94c3d6219,Cock Brand Concentrate Tamarind,Pantry,1414794,GFS - 003,,,,,,,needs_review,
6164f9b8-6d44-4c77-be87-edcdaf68f39b,Cocoa Powder,Pantry,EBD-284,Tootsi - 009,,,,,,,needs_review,
3ef7e3df-61c6-4c28-8690-3752494fedd0,Coconut Smiles,Pantry,EBD-1058,Tootsi - 009,,,,,,,needs_review,
2abc7ee5-9fc9-49b1-aff4-a935ae4059cc,Coconut Sugar,Pantry,EBD-68,Tootsi - 009,,,,,,,needs_review,
673b17d7-6945-4469-8387-d0c0465ad1cf,Coriander Seed,Pantry,EBD-96,Wholesale Club  - 014,,,,,,,needs_review,
f387ecc4-aedf-4708-9a8c-4c841332d35e,Cornstarch,Pantry,1267029,GFS - 003,,,,,,,needs_review,
317e3893-953a-4120-8dc6-970f9a0e4786,Couscous,Pantry,1230024,GFS - 003,,Gluten; Wheat,,Wheat; Gluten,,,matched,
d1b79dc4-8587-4436-b253-6973f7cf1576,Cumin Seeds,Pantry,EBD-380,Wholesale Club  - 014,,,,,,,needs_review,
d0a98035-708f-4340-9b20-9a816dbf8fee,"Dabur, Indian Mustard Oil",Pantry,EBD-2646,Wholesale Club  - 014,,,,,,,needs_review,
b15cd326-3400-4a7a-a313-b7a1d8cc913d,Date Paste,Pantry,EBD-1869,Tootsi - 009,,,,,,,needs_review,
e80c15e7-c991-4fbf-b7ae-354288fb8c15,Dehydrated Diced Mango,Pantry,EBD-1056,Tootsi - 009,,,,,,,needs_review,
eb0b3548-83d6-48ce-9886-09c059337a86,Dehydrated Diced Pineapple,Pantry,EBD-1055,Tootsi - 009,,,,,,,needs_review,
86b90df6-1817-4989-8e1e-e6db9748e11d,Diana Honey Garlic Barbeque Sauce,Pantry,5129405,GFS - 003,,,,,,,needs_review,
a5cc72b3-ce7f-48fd-91a8-b75115d3610a,Diced Dates,Pantry,EBD-25,Tootsi - 009,,,,,,,needs_review,
473752aa-44eb-436b-ae9e-53fd3bea4e3c,Dijon Mustard,Pantry,EBD-367,Wholesale Club  - 014,,,,,,,needs_review,
4c8bb693-5279-43c2-9673-3d5b072c9eaf,Dill Weed,Pantry,EBD-107,Wholesale Club  - 014,,,,,,,needs_review,
ae4d2b12-295e-4389-aa3d-1749cf23a815,Dried Apricot,Pantry,EBD-1017,Wholesale Club  - 014,,,,,,,needs_review,
be0eceed-8a35-4b27-956a-344ab6fab873,Dried Basil,Pantry,EBD-835,Wholesale Club  - 014,,,,,,,needs_review,
4b706c9e-30dc-4893-9205-fe7a8c4055d9,Dried Cranberries,Pantry,EBD-23,Costco - 001,,,,,,,needs_review,
db9e0d77-fb3d-4312-8771-8adb91656fc4,Dried Oregano (Sunspun Brand),Pantry,EBD-437,Wholesale Club  - 014,,,,,,,needs_review,
24070519-28e3-456d-a366-967f1d3b8336,Dried Rosemary,Pantry,EBD-665,Wholesale Club  - 014,,,,,,,needs_review,
bb847b76-8bd8-4a18-97f4-0b819860c6e1,Dried Thyme,Pantry,EBD-391,Wholesale Club  - 014,,,,,,,needs_review,
4b46179c-f43c-43a7-9863-b205626836dd,Everything Bagel Spice,Pantry,EBD-1282,Costco - 001,,,Sunflower,,,,matched,
db40bd5b-5109-4c4c-9cfc-202270362c17,Fenugreek Leaves,Pantry,EBD-772,Wholesale Club  - 014,,,,,,,needs_review,
4572084b-3022-48ef-b535-c9af6ff18d2e,Franks Hot Sauce,Pantry,EBD-636,Wholesale Club  - 014,,,,,,,needs_review,
c8a9dc41-d3f4-4829-a39f-83c1dd062567,Frozen Kirkland Signature Blueberries,Pantry,EBD-441,Costco - 001,,,,,,,needs_review,
56220cdf-6eac-4499-b9ec-f4c72ddc7edd,GF Rolled Oats (Tootsi),Pantry,EBD-950,Tootsi - 009,,,,,,,needs_review,
04f1b41a-0e5c-4b6f-b614-b085052e55c1,"Garam Masala (Quality Brand, Punjabi Style)",Pantry,EBD-297,Wholesale Club  - 014,,,,,,,needs_review,
7b02fe12-d14b-482f-b0a5-02f20dbeadfa,Garlic Powder (Kasuku Brand),Pantry,EBD-149,Wholesale Club  - 014,,,,,,,needs_review,
7f99e95e-62d4-4628-9f0e-96f4340d565b,Glod Plum Chinkiang Vinegar,Pantry,EBD-2060,Wholesale Club  - 014,,Gluten,,Gluten,,,matched,
e72b52d5-6c2e-41a5-b6e4-91a3235ac366,Gluten Free BBQ Sauce,Pantry,EBD-114,Wholesale Club  - 014,,,,,,,needs_review,
966d9804-319e-49ed-a23e-99b0cda424a1,Gochujang,Pantry,EBD-827,Wholesale Club  - 014,,,Spicy,,,,matched,
d5573a77-9b90-4b4a-9047-ffff06884e38,Golden Boy Fish Sauce,Pantry,EBD-2400,GFS - 003,,Fish,,All Animal Products; Fish,,,matched,
2d13c535-b886-49e7-8a23-32f94015077d,Gordon Choice 7 Grain Blend Rice Mix,Pantry,1230016,GFS - 003,,Gluten; Wheat,,Wheat; Gluten,,,matched,
c4a00688-89c9-4501-a39d-5a8bc48835c1,Gordon Choice Bleached All Purpose Flour,Pantry,5917005,GFS - 003,,Gluten; Wheat,,Wheat; Gluten,,,matched,
f3ca4656-7aa0-4399-aebe-e15255385662,Gordon Choice Crushed Pineapples,Pantry,EBD-3016,,,,,,,,needs_review,
90fe5a26-037a-4d6b-b9d7-5d8841611b5e,Gordon Choice Sweet Chili Sauce,Pantry,1141988,Wholesale Club  - 014,,,,,,,needs_review,
0b0073f3-82ca-4fff-a99b-e0f19ffcfc06,Green Curry Paste,Pantry,EBD-152,Wholesale Club  - 014,,,Spicy,,,,matched,
932206a1-2453-454a-998c-4cf9f44f55a6,Green lentils,Pantry,EBD-563,Wholesale Club  - 014,,,Lentil,Lentil,,,matched,
f05df7f1-71e2-4279-91ee-75d8336752dd,Ground Allspice,Pantry,EBD-153,Wholesale Club  - 014,,,,,,,needs_review,
8617fd50-5581-47a2-af82-f2aa3bc57b21,Ground Cardamon,Pantry,EBD-97,Wholesale Club  - 014,,,,,,,needs_review,
cf14ab6a-efb6-481e-bf80-fc5a17d944c9,Ground Cinnamon,Pantry,EBD-192,Wholesale Club  - 014,,,,,,,needs_review,
158e3412-6400-4038-ae1d-77734a1da4ac,Ground Coriander,Pantry,EBD-211,Wholesale Club  - 014,,,,,,,needs_review,
665ced84-4aa3-46e2-a84b-70b6adb5b665,Ground Cumin (QUALITY Brand),Pantry,EBD-158,Wholesale Club  - 014,,,,,,,needs_review,
6669f956-3ab7-46f1-88cd-460d7c0da024,Ground Flax Seed,Pantry,EBD-754,Wholesale Club  - 014,,,,,,,needs_review,
eb886acb-cbd5-4a5f-87b1-88d6ae43b0e2,Ground Ginger,Pantry,EBD-857,Wholesale Club  - 014,,,,,,,needs_review,
d1e7b85f-c670-416f-b361-5140603a31fe,Ground Mustard,Pantry,EBD-337,Wholesale Club  - 014,,,,,,,needs_review,
6a221025-1038-47bf-b556-4c65d07f8ef9,Ground Nutmeg A,Pantry,EBD-98,Wholesale Club  - 014,,,,,,,needs_review,
4644d102-dcff-418a-83f2-2b90c5c12299,Ground Turmeric,Pantry,EBD-61,Wholesale Club  - 014,,,,,,,needs_review,
744ac44f-3f06-49b6-a748-c948077151a8,HP Sauce,Pantry,EBD-1992,GFS - 003,,,,,,,needs_review,
308a3c08-630b-4932-a53f-8f34728be47a,Hemp Seeds,Pantry,EBD-956,Tootsi - 009,,,,Hemp,,,matched,
bbd2bb5e-f198-4dcf-adb9-04956078bc7d,Hoisin Sauce,Pantry,1355877,GFS - 003,,Gluten,,Gluten,,,matched,
6b34867c-72f8-46dc-a347-31b7103a2009,Honey,Pantry,EBD-2312,Wholesale Club  - 014,,,,All Animal Products,,,matched,
cfd2b2de-0084-4017-8e17-9ce5d28af387,Horseradish,Pantry,EBD-2099,Wholesale Club  - 014,,,,,,,needs_review,
9c4df31b-1e7b-48dc-8375-4cdf51945f8b,Kesar Mango Pulp,Pantry,EBD-302,Wholesale Club  - 014,,,,,,,needs_review,
271588dc-1091-4f39-8b1c-13d859cfc5b8,Kikkoman Tamari Soy Sauce,Pantry,1427356,Pratt's - 007,,,,,,,needs_review,
fc50c556-b17d-42ab-b0f4-14154216f52b,Kirkland Signature Organic Maple Syrup,Pantry,EBD-188,Costco - 001,,,,,,,needs_review,
49977f0f-888c-4738-b0c8-eec8f9e90903,Kirkland Signature Organic Virgin Coconut Oil,Pantry,EBD-1,Costco - 001,,,,,,,needs_review,
6c31bd08-93cd-48a8-86b1-71359f28c86b,Kirkland Signature Shelled Walnuts,Pantry,EBD-43,Costco - 001,,Tree Nuts,,Tree Nuts; Walnut,,,matched,
b73c1dd7-38bf-4e57-9cfc-7536644e90bc,Kitchen Essentials Feta Cheese,Pantry,EBD-2326,GFS - 003,,Dairy,,Dairy,,,matched,
4ffd01d5-72f3-4659-918c-7cc902a1cd5b,Knorr Professional Gravy Mix,Pantry,EBD-3004,,,Dairy,,Dairy; All Animal Products,,,matched,
ea6ea7af-8ce5-4953-9bb6-a3e4c3946cbe,Lebanese Zaatar (TAMAM Brand),Pantry,EBD-273,Wholesale Club  - 014,,,,,,,needs_review,
6654178e-3411-430b-985d-0c77ca16bf08,Lemon Juice,Pantry,2377805,GFS - 003,,,,,,,needs_review,
e3f61850-8020-4a3e-b750-9666cfeb2359,Lemon Pepper Spice,Pantry,EBD-317,Costco - 001,,,,,,,needs_review,
e030c48e-d57a-4fac-8ebc-5e8ea880071c,Liquid Smoke,Pantry,EBD-257,Wholesale Club  - 014,,,,,,,needs_review,
fe5fb27e-f6ec-4a3d-be15-147007ade44b,Madras Yellow Curry Powder,Pantry,EBD-157,Wholesale Club  - 014,,,,,,,needs_review,
ee787bd1-10ed-4cb7-84ad-3d98ea6438cc,Marinated Quartered Artichoke Hearts,Pantry,EBD-1267,Wholesale Club  - 014,,,,,,,needs_review,
e86c8417-8840-4846-9775-23638751ed96,Mince Soy Protein,Pantry,EBD-1139,Soy Mince  - 016,,,,,,,needs_review,
2f9587ad-3dc6-4487-8324-ce207497407c,Minced Garlic,Pantry,2171605,GFS - 003,,,,,,,needs_review,
09e5b0fc-7b34-4441-9add-914b976ae69a,Montreal Steak Spice,Pantry,EBD-2101,Wholesale Club  - 014,,,,Sunflower,,,matched,
b2071bae-0c40-401b-be01-f9b39ca49130,Mustard Seeds Black,Pantry,EBD-154,Wholesale Club  - 014,,,,,,,needs_review,
d09eb882-90a2-4176-95cd-fd05ef943f1b,No Name Brand Ketchup,Pantry,EBD-600,Wholesale Club  - 014,,,,,,,needs_review,
eccf8e97-538f-472e-a80d-0ad2550ec201,No Name Brand Orange Juice,Pantry,EBD-112,Wholesale Club  - 014,,,,,,,needs_review,
8baeb6d8-a8dc-4599-b436-8225a210828e,No Name Brand Poultry Seasoning,Pantry,EBD-717,Wholesale Club  - 014,,,,,,,needs_review,
17756609-0572-435a-a212-098767f98f4a,Nori Seaweed,Pantry,EBD-332,Wholesale Club  - 014,,,,,,,needs_review,
80200104-4bb9-49ad-83ea-2ca0611d412b,Nutritional Yeast,Pantry,EBD-143,Websturant  - 015,,,,,,,needs_review,
966a5f0e-4ce7-423d-afc4-a2fecc967a6a,Ocean Spray Dried Cranberries,Pantry,EBD-196,Costco - 001,,,,,,,needs_review,
ec24f55d-aa52-4e67-ab01-bbeef744c1f7,Olive Oil (Kirkland Signature),Pantry,EBD-7,Costco - 001,,,,,,,needs_review,
cc1a6f75-dc7d-4c74-94b9-d234c6591052,Onion Powder (Kasuku Brand),Pantry,EBD-277,Wholesale Club  - 014,,,,,,,needs_review,
30082d1b-1811-4bbc-bf7e-7f126a383cac,Paprika,Pantry,EBD-146,Wholesale Club  - 014,,,,,,,needs_review,
d474e252-01fa-47f1-abc4-c21924acd425,Paprika 1,Pantry,EBD-909,Wholesale Club  - 014,,,,,,,needs_review,
10174286-16bd-4311-8d9e-664df6d38dc0,Pea Protein Powder,Pantry,EBD-1026,Tootsi - 009,,,,,,,needs_review,
6de4129d-4d4a-49de-b59e-dc0a36ea40d0,Peanut Butter,Pantry,EBD-59,Costco - 001,,Peanuts; Tree Nuts,,Peanuts; Tree Nuts,,,matched,
1d294d46-a384-4803-bdf5-cda651e77877,Pickled Jalapeno,Pantry,EBD-403,Wholesale Club  - 014,,,,,,,needs_review,
aede8340-cd4d-45aa-b74c-a558b8f2b73f,Pineapple Juice,Pantry,EBD-113,Wholesale Club  - 014,,,,,,,needs_review,
222e28b6-428d-4554-9931-04478b38f2ce,Piri Piri Seasoning,Pantry,EBD-1621,Wholesale Club  - 014,,,,,,,needs_review,
281aa326-3983-4517-99bf-0c187848df3b,Poppy Seeds,Pantry,EBD-1099,Wholesale Club  - 014,,,,,,,needs_review,
372453c4-b77b-4e4a-a713-ab5361f09e76,Pre-Diced Peanuts,Pantry,EBD-13,Tootsi - 009,,Peanuts,,Peanuts,,,matched,
d5448611-2875-4c23-ae40-3057920bb6db,Pre-Made Pickling Seasoning,Pantry,EBD-118,Wholesale Club  - 014,,,,,,,needs_review,
0483b3ee-4a61-4083-adb1-a328d5555775,Red Curry Paste,Pantry,EBD-220,Wholesale Club  - 014,,,Spicy,,,,matched,
b405702c-6189-4aac-9d7e-7994f53818dc,Red Lentils,Pantry,EBD-32,Wholesale Club  - 014,,,Lentil,Lentil,,,matched,
af9f628d-f8f2-48d0-ade8-8b698b71e79f,Red Raisin,Pantry,EBD-24,Wholesale Club  - 014,,,,,,,needs_review,
872664d9-c733-49db-a9c6-9f809233ddd9,Rice Noodle (M),Pantry,EBD-47,Wholesale Club  - 014,,,,,,,needs_review,
23e68393-6554-4da2-a185-bf1b7d57146b,Rice Noodle (S) Rooster Brand (Pancit),Pantry,EBD-2496,Wholesale Club  - 014,,,,,,,needs_review,
11e6950e-3a2c-4d60-87ce-7c18f52b48c5,Rice Wine Vinegar,Pantry,1505373,Wholesale Club  - 014,,,,,,,needs_review,
7e1f4ae5-a724-4715-8a5f-3ac39e56d4c3,Roasted Red Pepper And Garlic Seasoning (Clubhouse Brand),Pantry,EBD-1622,Wholesale Club  - 014,,,,,,,needs_review,
9d26d1b2-fc07-4159-a4b5-f8cd25d1f307,Rose Hill Cajun Blend Spice Seasoning,Pantry,EBD-2933,Wholesale Club  - 014,,,Spicy,,,,matched,
41ff33d9-2b35-4313-b680-262a141ed5c5,Rose Hill Jerk Seasoning,Pantry,EBD-2189,Wholesale Club  - 014,,,,,,,needs_review,
e38a3fc4-1dfe-4ccb-9c7c-7e9f5c84de33,Rose Hill Vegetable Rice Seasoning,Pantry,EBD-1803,Wholesale Club  - 014,,,,,,,needs_review,
6b9302cc-eeef-4dba-9832-d5b84efada72,Rotini Pasta,Pantry,EBD-565,Wholesale Club  - 014,,Gluten; Wheat,,Wheat; Gluten,,,matched,
c323b014-ae6c-4278-aab7-8438ece6596c,SUNSPUN Penne,Pantry,EBD-564,Wholesale Club  - 014,,Gluten; Wheat,,Wheat; Gluten,,,matched,
27ace916-c67d-4b58-9a0c-14e511a21be3,Sambal,Pantry,EBD-315,Wholesale Club  - 014,,,,,,,needs_review,
8d8ea32c-c2fa-427a-b2ea-86a40c4debb0,Shredded Coconut,Pantry,EBD-41,Tootsi - 009,,,,,,,needs_review,
9b0ef5d8-9809-430e-a88e-3792bf00e876,Shredded Toasted Coconut,Pantry,EBD-1749,Tootsi - 009,,,,,,,needs_review,
6dfd3716-98df-47e7-99b8-8f58848d9161,Siracha Sauce,Pantry,EBD-2114,Wholesale Club  - 014,,,,,,,needs_review,
11b3ca04-6d37-4a5a-9991-431c8a85f28e,Sliced Almonds,Pantry,EBD-1199,Tootsi - 009,,Tree Nuts,,Tree Nuts; Almond,,,matched,
370254fd-bee8-40f9-8fb5-774ef286402a,Sliced Pickled Turnips,Pantry,EBD-1449,Wholesale Club  - 014,,,,,,,needs_review,
4dd04ffa-c089-4ea1-b74b-3ddf79861c9d,Soya And Sesame Oil,Pantry,EBD-17,Wholesale Club  - 014,,Sesame,,Sesame,,,matched,
e21c3d8f-660a-42ab-8b36-57cd2d7f2646,Spaghetti,Pantry,EBD-140,Wholesale Club  - 014,,Gluten; Wheat,,Wheat; Gluten,,,matched,
4a64b37b-2c27-4653-ad4b-41250b78f819,Spicy Tag for Dislikes,Pantry,EBD-1489,n / a,,,Spicy,,,,matched,
67cf2231-2bc2-4289-a0d4-ce860cad84bc,Sriracha Hot Sauce,Pantry,EBD-37,Wholesale Club  - 014,,,,,,,needs_review,
9945253b-9b30-4790-9538-37189cbf3d81,Sriracha Tabasco Sauce,Pantry,1333563,GFS - 003,,,Spicy,,,,matched,
6ce5dd4f-c3b6-47b0-9da6-87c92353ac6c,"Stanislaus, Al Dente Pasta, Sauce",Pantry,2569805,GFS - 003,,,Sunflower,,,,matched,
a0729fb3-65f2-4404-bbb5-3b524a2761d5,Sundried Tomatoes (Tootsi),Pantry,EBD-458,Tootsi - 009,,,,,,,needs_review,
52934472-7c7e-4ba7-ac32-2f7beab5a3bb,Sunspun Cracked Black Pepper,Pantry,EBD-2086,Wholesale Club  - 014,,,,,,,needs_review,
b1093ca1-1dcc-40fa-9f76-f25414f6dea4,Sunspun Italian Seasoning,Pantry,EBD-2865,Wholesale Club  - 014,,,,,,,needs_review,
872b6394-3225-4f3d-ba90-89ba94ce2689,Sunspun Linguini Pasta,Pantry,EBD-2600,Wholesale Club  - 014,,Gluten; Wheat,,Wheat; Gluten,,,matched,
62019633-7224-4015-83d4-787ad31d17d2,Sunspun or no name Chili Powder,Pantry,EBD-229,Wholesale Club  - 014,,,,,,,needs_review,
1738f02a-4c58-4aed-808a-8193eba97080,Sweet Relish,Pantry,EBD-698,Wholesale Club  - 014,,,,,,,needs_review,
34d18b30-07c7-42f0-b403-93b7cf263e2a,T&T Buckwheat Soba Noodles,Pantry,EBD-2421,T & T - 013,,Gluten,,Gluten,,,matched,
de8e22a7-6a9b-4daf-9b89-2ddf69d3596c,Table Salt,Pantry,EBD-147,Wholesale Club  - 014,,,,,,,needs_review,
d2d62c48-2513-4f54-be3d-c62a6f192613,Tahini (TAMAM Brand),Pantry,EBD-64,Wholesale Club  - 014,,Sesame,,Sesame,,,matched,
a4dda489-120b-4d5e-867c-d488a9440461,Tavolini Orzo Pasta,Pantry,1247963,GFS - 003,,Gluten; Wheat,,Wheat; Gluten,,,matched,
f39df7ff-b9ba-4733-969b-2ea4ddf3117d,Tavolini Sliced Green Olives,Pantry,4353106,GFS - 003,,,,,,,needs_review,
335e1bbd-f804-42f5-9b26-7460e5e75b38,Tavolini Sundried Tomato,Pantry,1488324,GFS - 003,,,,,,,needs_review,
139c99e6-a48a-47dc-a2a5-59eac03fbd1c,Tempeh,Pantry,EBD-1985,Vegan Supply - 010,,,,,,,needs_review,
22b920a9-021f-4d61-aa8f-9bbbf80a8ef7,Tomato Paste,Pantry,1162738,GFS - 003,,,,,,,needs_review,
03b51192-5574-4a03-b8d2-98929a179847,"Tomatoes, Crushed, In Puree",Pantry,2898605,GFS - 003,,,,,,,needs_review,
b5badde1-166b-4887-9962-a5936e2f72ee,Tortilla Chip,Pantry,EBD-2031,Wholesale Club  - 014,,,,Corn,,,matched,
e21eb1a8-defc-4288-8400-e769c03fb06b,Tri Color Pearl Couscous,Pantry,EBD-1894,Tootsi - 009,,Gluten; Wheat,,Wheat; Gluten,,,matched,
4efea8fd-b0c2-4647-ba5b-f22d00af7f12,Tri-Color Quinoa,Pantry,EBD-915,Tootsi - 009,,,Quinoa,,,,matched,
6dd6a8ac-4a34-4623-89d7-3a03649e568a,Trophy Foods Roasted Salted Sunflower Seeds,Pantry,8008805,GFS - 003,,,Sunflower,,,,matched,
a258af63-f094-4e4f-87fd-980eb710fb03,Udon Noodles,Pantry,3327405,GFS - 003,,Gluten; Wheat,,Wheat; Gluten,,,matched,
8ed929a7-e0ba-440f-8e74-405c575cf061,Unsalted Pumpkin Seeds,Pantry,EBD-174,Tootsi - 009,,,,,,,needs_review,
af47d65d-fd5f-4d70-9426-850cfd020f35,Vanilla Extract,Pantry,EBD-944,Wholesale Club  - 014,,,,,,,needs_review,
b31e6c48-1ade-4ce8-b9c8-894b20d9c451,Veg Soup Base (Tootsi Brand),Pantry,EBD-964,Tootsi - 009,,,,,,,needs_review,
4f6209d7-52ca-4dac-82c3-2bde7355c043,Vegan Chocolate Chips,Pantry,EBD-286,Tootsi - 009,,,,,,,needs_review,
60d73b58-6609-4b79-8884-712be9f1c84a,Water,Pantry,EBD-39,n / a - 006,,,,,,,needs_review,
8361358b-4e1c-4e2c-a449-2be6a2cdd9f9,White Calrose Rice,Pantry,EBD-349,Wholesale Club  - 014,,,,,,,needs_review,
43152ddf-de6e-4fcd-bf11-6731736a955c,White Sesame Seeds,Pantry,EBD-19,Tootsi - 009,,Sesame,,Sesame,,,matched,
f9f0d72b-e259-4ee7-8068-620c9e478d00,White Vinegar,Pantry,9644005,GFS - 003,,,,,,,needs_review,
2e347a9b-bf92-4563-b0c9-4b8faf7e3174,White Wine Vinegar,Pantry,9644205,GFS - 003,,,,,,,needs_review,
4e9f9dbf-8bf3-4a83-9ea0-24937210e77c,Whole Almonds,Pantry,EBD-487,Tootsi - 009,,Tree Nuts,,Tree Nuts; Almond,,,matched,
e0fa46c4-7902-4495-b1e9-480bc658dbb1,Whole Fennel Seeds,Pantry,EBD-2768,Wholesale Club  - 014,,,,,,,needs_review,
2f37f01a-f36e-474f-89a4-5a3496974bb5,Whole Grain Dijon Mustard,Pantry,EBD-2336,Wholesale Club  - 014,,,,,,,needs_review,
c95dc846-47f3-4325-b8bd-c9b706a2370e,Whole Pecans,Pantry,EBD-742,Tootsi - 009,,,,,,,needs_review,
4616ffc8-d300-4093-8298-26493a7fb541,Whole Unshelled Pistachio,Pantry,EBD-674,Costco - 001,,Tree Nuts,,Tree Nuts; Pistachio,,,matched,
07958b29-894a-490c-a03f-f418c37e7456,Yam Noodle,Pantry,EBD-523,T & T - 013,,,,,,,needs_review,
93fb61e7-b07d-4652-96bd-5924a419f149,Yellow Mustard,Pantry,EBD-829,Wholesale Club  - 014,,,,,,,needs_review,
b156946f-ae8d-40fb-ba20-aa2273606ce0,Cilantro [Removable Garnish],Produce,ING-15,GFS - 003,,,,,,,needs_review,
fdb1fa8e-a67c-40d6-977b-e87a8a4a17aa,DSI Extra Firm Tofu,Produce,ING-119,DSI - 002,,,,,,,needs_review,
702cdd7a-524f-4f8f-bfc4-fcf655229035,DSI Smooth Tofu,Produce,ING-268,DSI - 002,,,,,,,needs_review,
7eb51c19-da6d-49ef-bac6-38020f6d6637,Fresh Start Shanghai Bok Choy,Produce,ING-2985,GFS - 003,,,,,,,needs_review,
67f05a94-6995-4383-a29f-b621bb21a784,Pepperoncini,Produce,EBD-2956,,,,Spicy,,,,matched,
52aa8ba2-3dc1-4c37-97d9-9c8058f70911,Turnips,Produce,EBD-T001,,,,,,,,needs_review,
ff92499d-cbe2-4c01-a56e-9b993c344a67,Intercity Custom Meats 1In Diced Beef,Protein,EBD-2742,,,,,Beef; All Animal Products,,,matched,
923adebe-0605-446c-a826-919f4ac7c5b7,"Whole Beef Chuck Flat, Fresh",Protein,EBD-2989,,,,,Beef; All Animal Products,,,matched,
,8oz Steak Sirloin,,,,,,,Beef; All Animal Products,,,sprwt_only,In SPRWT PDF but not in Neon Ingredient table — needs migration
,Almond Butter,,,,,Tree Nuts,,Tree Nuts,,,sprwt_only,In SPRWT PDF but not in Neon Ingredient table — needs migration
,Beef Pastrami,,,,,,,Beef; All Animal Products,,,sprwt_only,In SPRWT PDF but not in Neon Ingredient table — needs migration
,"Intercity Custom Meats 2oz Prime Rib 3in Slider Beef Burgers, Frozen",,,,,Wheat,,Wheat; Beef; All Animal Products,,,sprwt_only,In SPRWT PDF but not in Neon Ingredient table — needs migration
,"Intercity Custom Meats Flattened Beef Steaks, Grade-AA+ Frozen",,,,,,,Beef,,,sprwt_only,In SPRWT PDF but not in Neon Ingredient table — needs migration
,"Intercity Custom Meats (ICM) Beef Strips, 3X1/2X1/4in",,,,,,,Beef; All Animal Products,,,sprwt_only,In SPRWT PDF but not in Neon Ingredient table — needs migration
,Biscoff Cookies A,,,,,Gluten; Wheat,,Wheat; Gluten,,,sprwt_only,In SPRWT PDF but not in Neon Ingredient table — needs migration
,Chicken Thighs,,,,,,,Chicken; All Animal Products,,,sprwt_only,In SPRWT PDF but not in Neon Ingredient table — needs migration
,Cream Cheese,,,,,Dairy,,Dairy,,,sprwt_only,In SPRWT PDF but not in Neon Ingredient table — needs migration
,Farkay Dry Chow Mein Noodles,,,,,Eggs; Gluten; Wheat,,Wheat; Gluten; Egg,,,sprwt_only,In SPRWT PDF but not in Neon Ingredient table — needs migration
,"Gordon Choice Diced Chicken, 1/2 Inch, 20 Percent White, 80 Percent Dark, Cooked, Frozen",,,,,,,Chicken; All Animal Products,,,sprwt_only,In SPRWT PDF but not in Neon Ingredient table — needs migration
,Clubhouse Dill Pickle Seasoning,,,,,,,Sunflower,,,sprwt_only,In SPRWT PDF but not in Neon Ingredient table — needs migration
,Velo Fresh Mozza,,,,,Dairy,,Dairy; All Animal Products,,,sprwt_only,In SPRWT PDF but not in Neon Ingredient table — needs migration
,BARILLA GF Penne,,,,,,,Corn,,,sprwt_only,In SPRWT PDF but not in Neon Ingredient table — needs migration
,GF Rotini Pasta,,,,,,,Corn,,,sprwt_only,In SPRWT PDF but not in Neon Ingredient table — needs migration
,GF Spaghetti,,,,,,,Corn,,,sprwt_only,In SPRWT PDF but not in Neon Ingredient table — needs migration
,Gordon Choice Zesty Orange Ginger Sauce,,,,,Wheat,,Wheat,,,sprwt_only,In SPRWT PDF but not in Neon Ingredient table — needs migration
,Mary's Organic Crackers Graham Honey Kookies,,,,,Sesame,,Sesame,,,sprwt_only,In SPRWT PDF but not in Neon Ingredient table — needs migration
,Chicken Protein Packs,,,,,,,Chicken; All Animal Products,,,sprwt_only,In SPRWT PDF but not in Neon Ingredient table — needs migration
,"Chicken Breasts, Grilled, 3oz, Cooked, Individually Quick Frozen",,,,,,,Chicken; All Animal Products,,,sprwt_only,In SPRWT PDF but not in Neon Ingredient table — needs migration
,"Gusta Vegan Cheddar Cheese, Block",,,,,Wheat,,Wheat,,,sprwt_only,In SPRWT PDF but not in Neon Ingredient table — needs migration
,"Olymel Smoked Ham, Whole, Boneless, Express, Carve, 19Pct Protein, Fresh",,,,,,,Pork; All Animal Products,,,sprwt_only,In SPRWT PDF but not in Neon Ingredient table — needs migration
,"Olives, Large Pitted Kalamata",,,,,,Olives,,,,sprwt_only,In SPRWT PDF but not in Neon Ingredient table — needs migration
,"Lactantia, Whip Cream 35%",,,,,Dairy,,Dairy,,,sprwt_only,In SPRWT PDF but not in Neon Ingredient table — needs migration
,"Let's Pasta, Gnocchi Pasta, Frozen",,,,,Eggs; Gluten,,Gluten; Egg,,,sprwt_only,In SPRWT PDF but not in Neon Ingredient table — needs migration
,"Mango Red Thai Curry Sauce (Cashew, Soy)",,,,,Tree Nuts,Spicy,Cashew,,,sprwt_only,In SPRWT PDF but not in Neon Ingredient table — needs migration
,Tre Stelle Paneer Cheese,,,,,Dairy,,Dairy,,,sprwt_only,In SPRWT PDF but not in Neon Ingredient table — needs migration
,Peperoncini Pepper,,,,,,Spicy,,,,sprwt_only,In SPRWT PDF but not in Neon Ingredient table — needs migration
,Fresh Whole Pineapple,,,,,,Pineapple,,,,sprwt_only,In SPRWT PDF but not in Neon Ingredient table — needs migration
,Perfectly Imperfect Frozen Pineapple,,,,,,Pineapple,,,,sprwt_only,In SPRWT PDF but not in Neon Ingredient table — needs migration
,Pita Bread Greek Style (Kronos Brand),,,,,Wheat,,Wheat,,,sprwt_only,In SPRWT PDF but not in Neon Ingredient table — needs migration
,Provolone Cheese,,,,,Dairy,,Dairy; All Animal Products,,,sprwt_only,In SPRWT PDF but not in Neon Ingredient table — needs migration
,Roasted Eggplant,,,,,,Eggplant,,,,sprwt_only,In SPRWT PDF but not in Neon Ingredient table — needs migration
,S&B Nanami Togarashi Spice,,,,,Sesame,,Sesame,,,sprwt_only,In SPRWT PDF but not in Neon Ingredient table — needs migration
,"Samosas, Vegetable, Frozen Appetizer, Vegan",,,,,Peanuts; Wheat,,Peanuts; Wheat,,,sprwt_only,In SPRWT PDF but not in Neon Ingredient table — needs migration
,"Gordon Choice, Plant Based, Sausage Patties, Frozen",,,,,,Sunflower,,,,sprwt_only,In SPRWT PDF but not in Neon Ingredient table — needs migration
,Scoobi Doo Pasta,,,,,Wheat,,Wheat,,,sprwt_only,In SPRWT PDF but not in Neon Ingredient table — needs migration
,"Mina Shawarma Chicken Shawarma, Strip Cooked Frozen",,,,,,,Chicken; All Animal Products,,,sprwt_only,In SPRWT PDF but not in Neon Ingredient table — needs migration
,Gordon Choice Shredded Mild Cheddar Cheese,,,,,Dairy,,Dairy,,,sprwt_only,In SPRWT PDF but not in Neon Ingredient table — needs migration
,"CAB Sirloin Flap Beef Steaks, Frozen",,,,,,,Beef; All Animal Products,,,sprwt_only,In SPRWT PDF but not in Neon Ingredient table — needs migration
,Sliced Cheddar Cheese,,,,,Dairy,,Dairy,,,sprwt_only,In SPRWT PDF but not in Neon Ingredient table — needs migration
,"Brickman's Sliced Natural Mozzarella Cheese, 14G",,,,,Dairy,,Dairy,,,sprwt_only,In SPRWT PDF but not in Neon Ingredient table — needs migration
,Ichester Smoked Cheddar Applewood Cheese,,,,,Dairy,,Dairy,,,sprwt_only,In SPRWT PDF but not in Neon Ingredient table — needs migration
,Tavolini Sundried Tomato Pesto Sauce,,,,,Dairy,,Dairy,,,sprwt_only,In SPRWT PDF but not in Neon Ingredient table — needs migration
,Tavolini Tri-Colour Cheese Tortellini Pasta,,,,,Dairy; Wheat,,Wheat; Dairy,,,sprwt_only,In SPRWT PDF but not in Neon Ingredient table — needs migration
,"Llydale Turkey Sausages, Gourmet Frozen",,,,,,,All Animal Products,,,sprwt_only,In SPRWT PDF but not in Neon Ingredient table — needs migration
,"Field Roast, Original Creamy Sliced Alternative, Cheese",,,,,Sesame,,Sesame,,,sprwt_only,In SPRWT PDF but not in Neon Ingredient table — needs migration
,Beatrice Milk Jug Homogenized 3.25% 4L,,,,,Dairy,,Dairy; All Animal Products,,,sprwt_only,In SPRWT PDF but not in Neon Ingredient table — needs migration
,Frozen Yellow Peanut Curry Base,,,,,Peanuts; Tree Nuts,Spicy,Peanuts; Tree Nuts,,,sprwt_only,In SPRWT PDF but not in Neon Ingredient table — needs migration
