id,display_name,internal_name,sku,category,supplier_name,location,unit,base_weight,trim_percentage,cost_per_unit,stock,allergen_tags,benefits,is_active
e21c1aab-e474-433a-9ec2-3abc1648dd59,Garlic,Peeled Garlic,,,Wholesale Club,Dry Storage,Kgs,454,0,5.99,0,,,True
52da4aed-a462-4e9b-a5cc-96b0a2d24e5f,Salted Vegan Butter,Salted Vegan Butter,EBD-T003,Dairy,,,Kgs,0.454,0,8.348018,0,,,True
88cc5da1-7833-4ea3-8dfd-5af2aa5d6fc4,Canned Black Beans,Canned Black Beans,ING-1044,Dry,GFS - 003,Dry Storage (cases) - 009,Kgs,9,0,5.2589,0,,,True
65d1e9f7-306a-46c0-882a-58ef7c4ad469,Baby Arugula,Baby Arugula,1281805,Fresh,GFS - 003,Fridge (produce Rack) - 016,Kgs,0.9,0,32.2222,0,,,True
f6e121bb-c3c0-40dd-860d-101d4889af3b,Baby Carrots,Baby Carrots,EBD-1371,Fresh,GFS - 003,Fridge,Kgs,4.5,0,6.6333,0,,,True
68a93b0f-453d-4084-8a3b-35ea343031e5,"Baby Dill, Fresh","Baby Dill, Fresh",1424140,Fresh,Pratt's - 007,Fridge (produce Rack) - 016,Kgs,0.23,0,41.565217,0,,,True
644e23e0-0cb2-40bf-9871-71d483e9c042,Bok Choy,Bok Choy,EBD-792,Fresh,GFS - 003,(old) Vegetables - 004,Kgs,13.61,0,5.878031,0,,,True
300fb02f-1fed-4ea4-af75-0cba84993935,Cherry Tomatoes,Cherry Tomatoes,1371716,Fresh,GFS - 003,No Category - 020,Kgs,4.54,0,10.2974,0,,,True
4f288056-7624-48e3-bf02-7ddc0cb29b80,Cilantro,Cilantro,1275005,Fresh,GFS - 003,Fridge (veg Rack) - 018,Kgs,0.45,0,21.9778,0,,,True
b0560042-d78f-42a5-a6fa-1293dda7a888,Crystal Springs Greek Yogurt,Crystal Springs Greek Yogurt,1380154,Fresh,GFS - 003,No Category - 020,Kgs,4,0,6.25,0,,,True
5fdd978c-10b9-49ca-9f12-6d40514a3c79,DSI Extra Firm Tofu - 5.25 kg/case,DSI Extra Firm Tofu - 5.25 kg/case,EBD-119,Fresh,DSI,Fridge,Kgs,5.25,0,6,33.7805,,,True
beababe8-b81b-4ae0-9dee-5ce27e6a2bd5,DSI Smooth Tofu- 7kg/case.,DSI Smooth Tofu- 7kg/case.,EBD-268,Fresh,DSI,Fridge,Kgs,7,0,3.143,41.7744,,,True
5499b071-35da-431e-89b1-a20750f8a10e,"Dairyland Cottage Cheese, 2 Percent","Dairyland Cottage Cheese, 2 Percent",9013405,Fresh,GFS - 003,No Category - 020,Kgs,7,0,9.4871,0,,,True
7b99eaf0-b4a3-4fd5-ac83-0076e5cb5286,Earths Own Unsweetened Oat Milk,Earths Own Unsweetened Oat Milk,EBD-953,Fresh,Costco - 001,Fridge (liquid Ingredients) - 015,Kgs,5.25,0,1.9981,48.6959,,,True
1854bc1a-07e5-45fb-b6f8-feb475fabb87,Fresh Baby Spinach,Fresh Baby Spinach,1159605,Fresh,GFS - 003,Fridge (produce Rack) - 016,Kgs,4.54,0,10.8612,0,,,True
20c72b0f-4c9c-4578-92b3-178736f038d0,Fresh Basil,Fresh Basil,1424130,Fresh,GFS - 003,Fridge (produce Rack) - 016,Kgs,0.45,0,36.6222,0,,,True
1b2d61b9-c738-4c34-a93e-25eab779dcaf,Fresh Mint,Fresh Mint,1424145,Fresh,GFS - 003,Fridge (produce Rack) - 016,Kgs,0.45,0,35.9111,0,,,True
f62bab3f-0be4-4028-b5a5-a644042dac5a,Fresh Start Jicama Root,Fresh Start Jicama Root,EBD-2404,Fresh,GFS - 003,Fridge,Kgs,2.27,0,7.7181,0,,,True
74c804a3-ff26-47e5-8f08-f8b7c28011a2,Fresh Start Pico De Gallo Salsa,Fresh Start Pico De Gallo Salsa,EBD-2082,Fresh,GFS - 003,Fridge,Kgs,2.27,0,21.2379,0,,,True
0e338229-df36-4065-b1f1-dcbe5fe33b87,Gordon Choice Liquid Whole Eggs,Gordon Choice Liquid Whole Eggs,9938805,Fresh,Pratt's - 007,No Category - 020,Kgs,12,0,6.71,4.9711,,,True
fca19ce5-4af9-4c20-bde7-00fb907ebe42,Gordon Choice Sour Cream,Gordon Choice Sour Cream,9184405,Fresh,GFS - 003,(old) Canned Goods - 001,Kgs,4,0,7.4225,0,,,True
693e48f1-094f-4257-bb76-d5a0e565638f,Gordon Choice Vegan Basil Pesto Sauce (by Case),Gordon Choice Vegan Basil Pesto Sauce (by Case),1469886,Fresh,GFS - 003,No Category - 020,Kgs,3.9,0,25.1795,0,,,True
49763821-d7ba-48c5-80a5-5fad2d2770d1,Green Bell Pepper,Green Bell Pepper,513192,Fresh,Pratt's - 007,Fridge (produce Rack) - 016,Kgs,11.34,0,3.9206,6.1439,,,True
d0280fcd-4b50-4862-8ce7-f160882cb517,Green Onions,Green Onions,2343116,Fresh,GFS - 003,Fridge (produce Rack) - 016,Kgs,3.63,0,22.5069,1.0411,,,True
58225d70-b3a9-4b8c-9839-12d086127f19,Green Zucchini,Green Zucchini,1278231,Fresh,Pratt's - 007,Fridge (veg Rack) - 018,Kgs,9.53,0,3.942288,0,,,True
3083f82f-7f97-4e55-bf2e-6beb128e794c,Jumbo Carrots,Jumbo Carrots,511865,Fresh,Pratt's - 007,Fridge (produce Rack) - 016,Kgs,22.68,0,2.6795,0,,,True
e422d4d0-8541-465d-b2fc-f54f9b2c5ed6,Jumbo Yam,Jumbo Yam,163147,Fresh,Pratt's - 007,Fridge (produce Rack) - 016,Kgs,18.14,0,4.0546,0,,,True
21015afa-c1bb-4d7c-aadb-4d83b00a0885,Lime Juice,Lime Juice,EBD-110,Fresh,GFS - 003,Fridge (liquid Ingredients) - 015,Kgs,1.89,0,9.5026,0,,,True
65a9560a-1c17-41fd-9429-ad6493bbe6ea,Liquid Egg Whites,Liquid Egg Whites,1248549,Fresh,Pratt's - 007,No Category - 020,Kgs,12,0,6.0833,10.0289,,,True
7c522914-8e55-403b-9b13-693a74928735,Miniature Cucumbers,Miniature Cucumbers,1211458,Fresh,GFS - 003,Fridge (produce Rack) - 016,Kgs,4.54,0,9.8414,0,,,True
444999a9-ddcc-4a4a-9f90-a2931b4582fd,Napa Cabbage,Napa Cabbage,1288962,Fresh,GFS - 003,Fridge (produce Rack) - 016,Kgs,14.21,0,4.3955,0,,,True
6e06aeec-a34e-4959-93b0-ab79253d6d1e,Pickled Ginger,Pickled Ginger,EBD-331,Fresh,Wholesale Club  - 014,Fridge (condiment Shelf) - 013,Kgs,7.5,0,6.3987,0,,,True
acb2650a-fe96-4223-852d-fa51295a0747,Pre-Shredded Kale,Pre-Shredded Kale,1243216,Fresh,GFS - 003,Fridge (produce Rack) - 016,Kgs,2.72,0,11.9632,0,,,True
7eb5538a-e99b-4980-bc00-166aa164e1e1,President Crumbled Dairy Feta,President Crumbled Dairy Feta,1354946,Fresh,GFS - 003,No Category - 020,Kgs,3,0,23.34,0,,,True
0fd7bebb-d4dd-4b81-959b-93f2b60252ca,Ready-Set-Serve Parsley,Ready-Set-Serve Parsley,1282605,Fresh,GFS - 003,Fridge (produce Rack) - 016,Kgs,1.82,0,23.3846,0,,,True
a2465c38-b1d3-40f5-b69d-dbd5cec73439,Red Bell Peppers,Red Bell Peppers,1218810,Fresh,Pratt's - 007,Fridge (produce Rack) - 016,Kgs,11.34,0,5.2901,0,,,True
32812371-18e4-428d-a234-06857e5f1e00,Red Onions,Red Onions,131102,Fresh,Pratt's - 007,Fridge (produce Rack) - 016,Kgs,11.34,0,3.2619,0,,,True
ff737213-742f-41d6-8277-78dec69739e9,Red Wine Vinegar,Red Wine Vinegar,9643805,Fresh,GFS - 003,Fridge,Kgs,10,0,2.428,0,,,True
42fe786e-7d0b-4313-9221-2ff13dbf01d2,Roma Tomatoes,Roma Tomatoes,1184405,Fresh,Pratt's - 007,Fridge (veg Rack) - 018,Kgs,11.3,0,7.6965,0,,,True
fe1d42a2-1e4b-4f9b-a822-6228d6741817,Russet Potatoes,Russet Potatoes,1010005,Fresh,Pratt's - 007,Fridge (produce Rack) - 016,Kgs,22.68,0,1.1623,0,,,True
579cbbc3-0072-4950-aa22-07d69db9e722,Shredded Mozzarella Cheese + Edam,Shredded Mozzarella Cheese + Edam,1203020,Fresh,GFS - 003,No Category - 020,Kgs,4.54,0,13.2159,0,,,True
822fba85-6bf6-4ff1-9b01-99c864dd2b73,Shredded Nacho Cheese Blend,Shredded Nacho Cheese Blend,1203023,Fresh,GFS - 003,No Category - 020,Kgs,4.54,0,12.8436,0,,,True
269efb10-5a46-4878-a403-f93bcbf09737,Shredded Parmesan Cheese,Shredded Parmesan Cheese,1004751,Fresh,GFS - 003,No Category - 020,Kgs,4,0,16.25,0,,,True
57a1bc7b-b71a-4fc9-aaa7-6db913e81223,Sliced Mild Cheddar Cheese,Sliced Mild Cheddar Cheese,1444920,Fresh,GFS - 003,No Category - 020,each,432,0,0.2755,69,,,True
58201e7e-3c98-4d5c-8145-81e2a257b796,Sliced Swiss Cheese,Sliced Swiss Cheese,EBD-2340,Fresh,GFS - 003,Fridge,each,216,0,0.3202,988,,,True
f81c108c-896c-4e8a-b835-4fd067ac6bdc,Spring Mix,Spring Mix,1376005,Fresh,GFS - 003,Fridge (produce Rack) - 016,Kgs,5.4,0,9.7722,0,,,True
8bf6ab0a-8c17-457f-9cb8-fd2b2d24554d,Sugar Snap Peas,Sugar Snap Peas,1334181,Fresh,GFS - 003,Fridge (produce Rack) - 016,Kgs,4.54,0,12.9956,0,,,True
f33b4ec4-7bd2-4ae6-b02c-83f5f5a002f8,Thai Basil,Thai Basil,1157900,Fresh,GFS - 003,No Category - 020,Kgs,0.45,0,37.7778,998.5523,,,True
c5eff542-5e17-40ee-9f8e-cef085f5f0a1,Vegan Butter,Vegan Butter,EBD-1677,Fresh,Wholesale Club  - 014,Fridge (feta Shelf) - 014,Kgs,0.45,0,8.4222,0,,,True
ce732bbb-de34-49ec-a682-96c5e1564ede,Whole Broccoli,Whole Broccoli,1571205,Fresh,Pratt's - 007,Fridge (produce Rack) - 016,Kgs,9.07,0,4.7619,0,,,True
f2a28710-72f8-4e37-8d3c-6a3ee27c5702,Whole Cauliflower,Whole Cauliflower,EBD-91,Fresh,Pratt's - 007,Fridge,Kgs,12.2,0,7.7107,0,,,True
cebf8455-cb97-4ed0-aa95-2d914412ffb1,Whole Celery,Whole Celery,1602005,Fresh,GFS - 003,Fridge (produce Rack) - 016,Kgs,18.14,0,3.3445,0,,,True
65c33f97-6be5-4487-a308-74b3e083c998,Whole Dill Pickles,Whole Dill Pickles,9829805,Fresh,GFS - 003,Fridge (condiment Shelf) - 013,Kgs,20,0,1.1795,983.9617,,,True
834f0033-9804-42a8-913e-4550cbe54315,Whole Green Cabbage,Whole Green Cabbage,149500,Fresh,Pratt's - 007,Fridge (produce Rack) - 016,Kgs,22.6,0,1.681416,0,,,True
0f8c3b12-a91f-4a74-a026-61d665be021d,Whole Red Beets,Whole Red Beets,1066805,Fresh,GFS - 003,Fridge (produce Rack) - 016,Kgs,11.4,0,2.8605,90,,,True
bdd35a1f-ef59-45db-8ae2-394565970351,Whole Red Cabbage,Whole Red Cabbage,511782,Fresh,Pratt's - 007,Fridge (produce Rack) - 016,Kgs,22.68,0,2.1332,0,,,True
00eb2df2-3288-4ca8-bfc9-3357f91e03fa,Yamaku White Miso,Yamaku White Miso,1454035,Fresh,GFS - 003,Fridge (condiment Shelf) - 013,Kgs,12,0,8.3433,2.0255,,,True
1a8c3929-1879-42ba-83fb-11dfb6d8b0b5,Yellow Onion,Yellow Onion,457549,Fresh,Pratt's - 007,Fridge (produce Rack) - 016,Kgs,22,0,1.4995,0,,,True
4d08cbc7-51de-44ef-bb11-e8682a57cae9,Yellow Peppers,Yellow Peppers,1294436,Fresh,GFS - 003,(old) Vegetables - 004,Kgs,4.99,0,12.515,0,,,True
74af5217-4f89-4e05-90dd-0025d2b7fa79,Yellow Potato,Yellow Potato,195073,Fresh,Pratt's - 007,Fridge (produce Rack) - 016,Kgs,22.67,0,1.5677,0,,,True
b3429753-cebe-4845-a557-ab38d7cf95b7,10 inch Dempster's White Tortilla,10 inch Dempster's White Tortilla,EBD-1651,Frozen,Costco - 001,Nuts / Seeds Shelf - 021,each,36,0,0.2778,0,,,True
7563ea09-6e6f-401b-9033-1a6e1b0519bc,10In Whole Wheat Flour Tortilla Wraps,10In Whole Wheat Flour Tortilla Wraps,1359935,Frozen,GFS - 003,No Category - 020,each,144,0,0.4184,319,,,True
4107c0c4-520a-422d-9dde-815e87a59b98,4oz Boneless Skinless Seasoned Chicken Breasts,4oz Boneless Skinless Seasoned Chicken Breasts,1346413,Frozen,GFS - 003,No Category - 020,Kgs,4,0,16.2725,0,,,True
59e9dc6e-9061-4675-90e9-183b6172d8b8,4oz Chuck Beef Burger Patties,4oz Chuck Beef Burger Patties,5746138,Frozen,GFS - 003,Freezer,each,42,0,2.7514,0,,,True
194e6555-3fc7-4457-8120-8a6b78aa57f5,4oz Salmon,4oz Salmon,3251405,Frozen,GFS - 003,Freezer - 010,each,40,0,2.75,0,,,True
a548737f-07a6-4cb7-8969-9ce416828672,ACE Brioche Burger Buns,ACE Brioche Burger Buns,1475417,Frozen,GFS - 003,No Category - 020,each,72,0,0.6944,76,,,True
7648f603-d746-4cc0-8925-274b53726476,Bacon Crumble,Bacon Crumble,EBD-2324,Frozen,GFS - 003,Freezer - 010,Kgs,4,0,16,2.325,,,True
7de0c547-a569-41b3-89d6-cbda72b61975,Cannelloni,Cannelloni,1299816,Frozen,GFS - 003,No Category - 020,each,60,0,1.2,0,,,True
ac1e28d8-0be1-4ad9-817a-e6521e2cc79c,Egg Solutions Bacon Cheddar Egg Bites,Egg Solutions Bacon Cheddar Egg Bites,1441636,Frozen,GFS - 003,No Category - 020,each,96,0,0.9725,0,,,True
aacde53f-31a9-4a43-9948-0ffefcada04b,Egg Solutions Spinach & Red Pepper Egg Bites,Egg Solutions Spinach & Red Pepper Egg Bites,1409167,Frozen,GFS - 003,No Category - 020,each,96,0,0.8542,0,,,True
a3172008-59d3-4ea4-8701-8a7e866713a8,Eggplant,Eggplant,1243652,Frozen,Pratt's - 007,Fridge (produce Rack) - 016,Kgs,24,0,2.664583,0,,,True
34349700-b4d6-466a-9949-957bb7554225,Extra Lean Ground Turkey,Extra Lean Ground Turkey,1190000,Frozen,Pratt's - 007,Freezer - 010,Kgs,4.54,0,9.8546,0,,,True
01ad6ec9-ede2-4956-8e77-23c650bccfeb,Fresh Galangal,Fresh Galangal,EBD-103,Frozen,T & T - 013,Freezer (veg Shelf) - 012,Kgs,0.1,0,0,0,,,True
c0d52777-c0a5-4309-bac3-54ca9fe00ca6,Fresh Ginger Root,Fresh Ginger Root,1353443,Frozen,GFS - 003,Fridge (produce Rack) - 016,Kgs,13.61,0,7.7142,9.6478,,,True
96a19bed-2957-4efd-9bd8-44458b6b95d0,Fresh Whole Jalapeno,Fresh Whole Jalapeno,1233273,Frozen,GFS - 003,Fridge (veg Rack) - 018,Kgs,4.54,0,7.6278,0,,,True
2d578a05-52d1-424d-a038-878c512a70b3,Frozen Carolina BBQ Sauce,Frozen Carolina BBQ Sauce,EBD-2503,Frozen,n / a - 006,No Category - 020,Kgs,0.51,0,5.1765,0,,,True
c71049ed-8351-400b-b73c-566cfbc1a502,Frozen Corn Nibblets (No Name Brand),Frozen Corn Nibblets (No Name Brand),EBD-138,Frozen,Wholesale Club  - 014,Freezer (veg Shelf) - 012,Kgs,2,0,2.995,0,,,True
fcd28199-06a2-41c8-8426-91a7d236244f,Frozen Diced Carrot,Frozen Diced Carrot,7080626,Frozen,GFS - 003,Freezer (veg Shelf) - 012,Kgs,12,0,4.0792,0,,,True
04ffcacf-a84e-4109-bb72-6cda71b01156,Frozen Diced Green Beans (No Name),Frozen Diced Green Beans (No Name),EBD-30,Frozen,Wholesale Club  - 014,Freezer (veg Shelf) - 012,Kgs,0.75,0,3.32,4.8246,,,True
6fd23bd4-7495-472b-b2c1-5b87cc64d2c6,Frozen Lime Leaves,Frozen Lime Leaves,EBD-104,Frozen,T & T - 013,Freezer (veg Shelf) - 012,g,1,0,0,0,,,True
30210388-e33b-4d6f-b200-94c826e67d22,Frozen Minced Lemongrass,Frozen Minced Lemongrass,EBD-99,Frozen,T & T - 013,Freezer (veg Shelf) - 012,Kgs,0.1,0,0,1.5853,,,True
eff7e998-400c-4598-b7f2-258b5518ecb5,Frozen Peas (No Name),Frozen Peas (No Name),EBD-160,Frozen,Wholesale Club  - 014,Freezer (veg Shelf) - 012,Kgs,2,0,2.995,0,,,True
76e38842-2950-4be9-ac00-2db964addcd5,Gordon Choice 4oz Sliced Philly Beef Steaks,Gordon Choice 4oz Sliced Philly Beef Steaks,7670856,Frozen,GFS - 003,No Category - 020,Kgs,4.5,0,18.8889,15.1492,,,True
e0eb9336-04e5-4f0d-8148-1d8352ad720a,Gordon Choice Fried Patty Eggs,Gordon Choice Fried Patty Eggs,1353548,Frozen,GFS - 003,No Category - 020,each,180,0,0.6333,96,,,True
6ee7124c-7376-4eb7-b64d-e842dabbf991,Gordon Choice Plain Omelettes,Gordon Choice Plain Omelettes,1353545,Frozen,GFS - 003,Freezer - 010,Kgs,6.8,0,16.2265,0,,,True
b986b6f1-3d79-46e9-b342-0088d029623d,Gordon Choice Plant Based Meatballs,Gordon Choice Plant Based Meatballs,EBD-2941,Frozen,GFS - 003,Freezer,Kgs,4.54,0,18.141,0,,,True
fd274232-319f-4082-993c-5f3079371fa4,"Gordon Signature Vegetable Medley Dim Sum, Vegan","Gordon Signature Vegetable Medley Dim Sum, Vegan",1328361,Frozen,GFS - 003,No Category - 020,each,120,0,0.4,0,,,True
33ea3283-6a32-40f6-88d2-50131eefeeb7,"Intercity Custom Meats 1In Diced Beef, Individually Vacuum Packd, Retail Ready, Frozen","Intercity Custom Meats 1In Diced Beef, Individually Vacuum Packd, Retail Ready, Frozen",1429177,Frozen,GFS - 003,No Category - 020,Kgs,4.54,0,18.7621,0,,,True
a3a67e8a-dcae-474b-9b60-1af6bd450f6b,Jimmy Dean Pork Sausage Patties,Jimmy Dean Pork Sausage Patties,1329725,Frozen,GFS - 003,No Category - 020,each,106,0,0.5664,22,,,True
a982bcc6-40bd-4999-ae71-85663e1eea78,"Kapow Mini Vegetable Samosas, Appetizer","Kapow Mini Vegetable Samosas, Appetizer",1432213,Frozen,GFS - 003,No Category - 020,each,90,0,0.5223,0,,,True
4dbfafce-c2ab-48e6-8df1-441f7a8475f9,Lean Ground Beef,Lean Ground Beef,8360405,Frozen,Pratt's - 007,No Category - 020,Kgs,5,0,19.144,0,,,True
52e11fc3-1e5b-4908-a0dc-be80f2a0160d,Maple Leaf Raw Scratch Meat Chorizo,Maple Leaf Raw Scratch Meat Chorizo,1349379,Frozen,GFS - 003,Freezer - 010,Kgs,4.8,0,17.8188,5.9161,,,True
3e9e2430-db45-4c68-85c5-dc7716d1eeeb,Mini Tofu Puffs,Mini Tofu Puffs,ING-1309,Frozen,DSI - 002,Fridge (tofu Rack) - 017,Kgs,2.8,0,12.8571,0,,,True
b1982fe8-e182-433c-b7b0-35133e8a5e09,Mini Tofu Puffs - 2.3kg/case.,Mini Tofu Puffs - 2.3kg/case.,EBD-1309,Frozen,DSI,Fridge/Freezer,Kgs,0.4,0,7,0,,,True
bd8fb21a-ebcc-4fb0-9f95-1df59817577f,Moov Frozen Organic Mango Chunks,Moov Frozen Organic Mango Chunks,EBD-955,Frozen,Costco - 001,Freezer (fruit Shelf) - 011,Kgs,2,0,5.845,994.7371,,,True
fdae5f75-3a9a-4bc8-abd8-fecc0b8632e8,"Peeled Bean Edamame, Frozen","Peeled Bean Edamame, Frozen",3242005,Frozen,GFS - 003,Freezer (veg Shelf) - 012,Kgs,10,0,5.872,1.9649,,,True
dad95174-b455-488e-a11c-69965a8da1ad,"Pitas Inc, Falafal Patties","Pitas Inc, Falafal Patties",EBD-1800,Frozen,GFS - 003,Freezer - 010,Kgs,8.4,0,7.806,0,,,True
f3e2a091-37ee-4530-93c0-5e647b69da31,Pork Butt,Pork Butt,1359579,Frozen,GFS - 003,No Category - 020,Kgs,1,0,8.7,0,,,True
fe407e3d-d88d-4b57-8938-9b83d97bd173,Pre-Sliced Mushroom,Pre-Sliced Mushroom,1326115,Frozen,Pratt's - 007,Fridge (produce Rack) - 016,Kgs,4.54,0,8.1476,0,,,True
8193ea5c-30a0-4eb7-9e96-424e14e18c5c,Shallots,Shallots,1417352,Frozen,GFS - 003,Fridge (condiment Shelf) - 013,Kgs,2.27,0,14.163,0,,,True
de54dbbb-4ede-4585-85e6-056daa148ac5,Shrimp,Shrimp,1163169,Frozen,GFS - 003,No Category - 020,Kgs,4.54,0,19.7996,0,,,True
aa650a47-7e36-453c-ad1a-dbc7d9bec787,"Sliced Ciabatta, 3x7In, Thaw and Serve (110g)","Sliced Ciabatta, 3x7In, Thaw and Serve (110g)",1384253,Frozen,GFS - 003,No Category - 020,each,75,0,0.6497,0,,,True
90cfd74d-9029-4217-84a3-cafe7ee15f9f,Spolumbo's Chicken Apple Sausages,Spolumbo's Chicken Apple Sausages,1147955,Frozen,GFS - 003,No Category - 020,each,157,0,0.6561,258,,,True
a0a15553-e385-4e42-bb40-5da66e65c03f,Tavolini Italian Meatballs 2oz,Tavolini Italian Meatballs 2oz,5388405,Frozen,GFS - 003,No Category - 020,each,80,0,0.8561,0,,,True
f1c46f0e-1c66-4236-8299-7cdb84376ed2,Three Berry Blend (Frozen Berries),Three Berry Blend (Frozen Berries),EBD-990,Frozen,Costco - 001,Freezer (fruit Shelf) - 011,Kgs,2,0,7,990.8882,,,True
fdbdacdf-3212-421c-9c85-760a9771908c,Turkey Bacon,Turkey Bacon,7451805,Frozen,GFS - 003,No Category - 020,Kgs,5,0,11.166,1.4163,,,True
57a5dc89-83c4-45ad-acf4-00ca95a0b080,Whole Frozen Green Bean,Whole Frozen Green Bean,1051716,Frozen,GFS - 003,Freezer (veg Shelf) - 012,Kgs,10,0,6.737,0,,,True
c1fa38a3-66e6-45dc-873c-27afc6c063f7,5 spice,5 spice,EBD-505,Pantry,Wholesale Club  - 014,Spice Shelf - 028,Kgs,0.1,0,125,1.0541,,,True
d2759aee-8c47-40a1-8ae4-85468df830d3,Apple Cider Vinegar,Apple Cider Vinegar,1179807,Pantry,GFS - 003,Oils / Vinegars Shelf - 022,Kgs,10,0,2.466,2.6627,,,True
dbcb6a90-4f8a-4aab-b2a2-d5a280faa1a3,Apple Juice,Apple Juice,EBD-779,Pantry,Wholesale Club  - 014,Seasonings / Condiment Shelf - 026,Kgs,12,0,1.1658,0,,,True
d2fe888e-841a-44b9-bb9e-e3eed2f61307,Aquafaba Powder,Aquafaba Powder,1101,Pantry,Wholesale Club  - 014,No Category - 020,Kgs,1,0,165,1.5967,,,True
c2b5e657-64c7-4075-9d84-53febf16def3,Astra Fire Roasted Salsa,Astra Fire Roasted Salsa,EBD-2443,Pantry,GFS - 003,Dry Storage,Kgs,12,0,7.7533,0,,,True
4668ed11-8f6c-410c-ac6e-5180253a1772,Baking Soda,Baking Soda,EBD-693,Pantry,Wholesale Club  - 014,Baking / Liquids Shelf - 005,Kgs,2,0,2.745,0,,,True
0a29d911-2e1f-431f-853a-8751769904a4,Balsamic Vinegar,Balsamic Vinegar,8480805,Pantry,GFS - 003,Oils / Vinegars Shelf - 022,Kgs,10,0,5.867,4.2199,,,True
a30ec357-f6f4-4219-bcd4-77d13f6b1800,Basil Dried,Basil Dried,EBD-804,Pantry,Wholesale Club  - 014,(old) Herbs - 002,Kgs,0.17,0,17.5882,0,,,True
1e0c1522-79d6-4545-89d5-1c1f5de08307,Basmati Rice,Basmati Rice,EBD-49,Pantry,Wholesale Club  - 014,Starches / Gf Shelf - 029,Kgs,18.1,0,3.0934,11.2172,,,True
06510d5a-2220-4bd7-b779-6f5f3389fb6a,Bay Leaves,Bay Leaves,EBD-87,Pantry,Wholesale Club  - 014,Undertable (Whiteboard side),each,2500,0,0.0026,0,,,True
e98dfcbe-fc9b-427f-93c2-fe738b416afb,Black Chia Seeds,Black Chia Seeds,EBD-951,Pantry,Tootsi - 009,Dry Strage Shelf - 030,Kgs,25,1,7.2096,997.4578,,,True
2e75ac37-5428-4aec-a8be-bf1f4e190089,Black Pepper,Black Pepper,EBD-148,Pantry,Wholesale Club  - 014,Misc Bulk Shelf - 019,Kgs,4.54,0,6.6057,1.0279,,,True
3955e356-9c42-48f1-ab69-bf5e910d3d28,Black Sesame Seeds,Black Sesame Seeds,EBD-3,Pantry,Tootsi - 009,Dry Strage Shelf - 030,Kgs,22.68,0,5.6437,18.1237,,,True
d6fab908-9a71-4e13-9923-820f93b6d1f9,Brown Rice,Brown Rice,EBD-289,Pantry,Wholesale Club  - 014,Starches / Gf Shelf - 029,Kgs,8,0,2.9987,0,,,True
e1611b5c-2353-45f5-992e-50e17b293f4b,Butler's Soy Curls,Butler's Soy Curls,EBD-410,Pantry,Vegan Supply - 010,Dried Fruit / Baking Supply Shelf - 008,Kgs,5.43,0,20.0737,169.3757,,,True
a28fb923-f168-45aa-b274-6ed22d0d8607,Cane Sugar,Cane Sugar,EBD-67,Pantry,Tootsi - 009,Dried Fruit / Baking Supply Shelf - 008,Kgs,25,0,2.5172,225.726,,,True
b4f15b68-a0dd-40fc-a52d-776fca7cac76,Canned Black Beans Not Strained,Canned Black Beans Not Strained,1218874,Pantry,GFS - 003,Dry Storage (cases) - 009,Kgs,17.04,0,2.6567,0,,,True
40607d99-82cc-4e36-9663-57e8d06a162d,Canned Chickpea,Canned Chickpea,1404491,Pantry,GFS - 003,Canned Veg Shelf - 007,Kgs,17.04,0,2.5464,14.1667,,,True
d9e86588-e633-494b-8f6b-0240e1be60d9,Canned Chipotle Peppers,Canned Chipotle Peppers,9312405,Pantry,GFS - 003,Canned Veg Shelf - 007,Kgs,0.34,0,23.5,2.1198,,,True
6943bd10-7350-4455-afcf-898e6121ee39,Canned Cut Baby Corn,Canned Cut Baby Corn,EBD-176,Pantry,Wholesale Club  - 014,Dry Storage (cases) - 009,Kgs,1.8,0,6.6667,0,,,True
bfb168d2-dbbf-4d08-97fd-03dfe7fe73ae,Canned Fire Roasted Diced Tomato(GFS Brand),Canned Fire Roasted Diced Tomato(GFS Brand),EBD-1465,Pantry,GFS - 003,Canned Veg Shelf - 007,Kgs,17.04,0,5.4448,0,,,True
42fa9e99-55c3-496f-8c01-633392659b24,Canned Kidney Bean,Canned Kidney Bean,EBD-420,Pantry,GFS - 003,Misc,Kgs,17,0,3.1529,0,,,True
11bd126f-80d0-476f-9c26-e8ab45cae3df,Canned Kosa Coconut Milk,Canned Kosa Coconut Milk,105882,Pantry,Pratt's - 007,Canned Veg Shelf - 007,Kgs,17,0,3.764706,59.5837,,,True
eb596961-f462-46cb-96c5-b81e7ada6bfa,Canned Mandarin Oranges,Canned Mandarin Oranges,2018938,Pantry,GFS - 003,Dry Storage (cases) - 009,Kgs,17.04,0,4.4032,0,,,True
3f0645f8-9e2b-471c-939e-0e5d0fe1e9ff,Canned Roasted Red Peppers,Canned Roasted Red Peppers,EBD-T002,Pantry,,,Kgs,10.2,0,8.342157,0,,,True
02a4bad3-9350-4303-bfaf-b291e85e160c,Canned Tomatillos,Canned Tomatillos,EBD-2160,Pantry,La Molienda Foods Inc - 005,No Category - 020,Kgs,16.8,0,4.2262,0,,,True
5b03c901-8ca0-4216-a7ef-9e88c2d0ce7e,Canola Oil,Canola Oil,EBD-44,Pantry,Wholesale Club  - 014,Baking / Liquids Shelf - 005,Kgs,16,0,2.5431,12.8142,,,True
0f747e4e-11cc-4755-a78d-6f44e57d71ce,Capers,Capers,1026952,Pantry,GFS - 003,Sauces / Jar Veg Shelf - 025,Kgs,4.5,0,13.6778,0,,,True
333d0230-9ed4-4acf-ac84-78884e2623a0,Cashew Butter (Tootsi),Cashew Butter (Tootsi),EBD-1814,Pantry,Tootsi - 009,Misc Bulk Shelf - 019,Kgs,22.1,0,5.4977,90.3935,,,True
a3c7116f-0672-4f78-939f-ec8cb251c61d,Cashew Butts (Tootsi),Cashew Butts (Tootsi),EBD-179,Pantry,Tootsi - 009,Nuts / Seeds Shelf - 021,Kgs,22.68,0,7.1869,0,,,True
20577960-ae37-431b-b783-b7443c4a7872,Cayenne Powder,Cayenne Powder,EBD-155,Pantry,Wholesale Club  - 014,Spice Shelf - 028,Kgs,0.5,0,13.58,1.3521,,,True
c9917f48-f360-4cf8-abed-41405e56b7bf,Celery Seed,Celery Seed,EBD-1148,Pantry,Wholesale Club  - 014,Spice Shelf - 028,Kgs,0.4,0,12.475,2.4524,,,True
f8526cfc-ff7c-418f-9d98-36a7cd036725,Chili Flakes,Chili Flakes,EBD-145,Pantry,Wholesale Club  - 014,Spice Shelf - 028,Kgs,0.5,0,11.98,0,,,True
4020e9bc-5acf-4b33-b5e0-4172c9bbe4cd,Cinnamon Stick,Cinnamon Stick,EBD-1333,Pantry,Wholesale Club  - 014,No Category - 020,each,100,0,0.0399,0,,,True
c55bbf19-8098-4429-97b1-838aae77d831,Club House -Montreal Chicken Seasoning (675 g),Club House -Montreal Chicken Seasoning (675 g),EBD-2442,Pantry,Wholesale Club  - 014,No Category - 020,Kgs,0.68,0,13.2206,1.0483,,,True
1164ec40-55b4-496f-ad75-b378b183ff9e,"Club House, Italiano, Signature Blends","Club House, Italiano, Signature Blends",EBD-1369,Pantry,Wholesale Club  - 014,Seasonings / Condiment Shelf - 026,Kgs,0.51,0,28.4118,13.0562,,,True
bfe21bba-3a51-4b89-9b3a-a5c25ecc8b12,Clubhouse Greek Spice Blend,Clubhouse Greek Spice Blend,EBD-318,Pantry,Wholesale Club  - 014,Seasonings / Condiment Shelf - 026,Kgs,0.51,0,23.5098,4.0898,,,True
2a811d04-40f9-4327-955d-d0be8b96dab9,Clubhouse Italian Seasoning,Clubhouse Italian Seasoning,EBD-1338,Pantry,Wholesale Club  - 014,Seasonings / Condiment Shelf - 026,Kgs,0.51,0,23.5098,13.0752,,,True
93de1d1c-5b93-455f-b500-87e94c3d6219,Cock Brand Concentrate Tamarind,Cock Brand Concentrate Tamarind,1414794,Pantry,GFS - 003,Misc Bulk Shelf - 019,Kgs,0.4,0,9.975,998.7327,,,True
6164f9b8-6d44-4c77-be87-edcdaf68f39b,Cocoa Powder,Cocoa Powder,EBD-284,Pantry,Tootsi - 009,Dry Strage Shelf - 030,Kgs,25,0,8.12,0,,,True
3ef7e3df-61c6-4c28-8690-3752494fedd0,Coconut Smiles,Coconut Smiles,EBD-1058,Pantry,Tootsi - 009,Nuts / Seeds Shelf - 021,Kgs,10.21,0,11.1655,9.6879,,,True
2abc7ee5-9fc9-49b1-aff4-a935ae4059cc,Coconut Sugar,Coconut Sugar,EBD-68,Pantry,Tootsi - 009,Dried Fruit / Baking Supply Shelf - 008,Kgs,1.8,0,7.1056,212.804,,,True
673b17d7-6945-4469-8387-d0c0465ad1cf,Coriander Seed,Coriander Seed,EBD-96,Pantry,Wholesale Club  - 014,Oils / Vinegars Shelf - 022,Kgs,0.1,0,0,0,,,True
f387ecc4-aedf-4708-9a8c-4c841332d35e,Cornstarch,Cornstarch,1267029,Pantry,GFS - 003,Dry Strage Shelf - 030,Kgs,22.68,0,2.7381,21.4772,,,True
317e3893-953a-4120-8dc6-970f9a0e4786,Couscous,Couscous,1230024,Pantry,GFS - 003,Misc Bulk Shelf - 019,Kgs,10,0,3.059,0,,,True
d1b79dc4-8587-4436-b253-6973f7cf1576,Cumin Seeds,Cumin Seeds,EBD-380,Pantry,Wholesale Club  - 014,Spice Shelf - 028,Kgs,4.55,0,9.8879,0,,,True
d0a98035-708f-4340-9b20-9a816dbf8fee,"Dabur, Indian Mustard Oil","Dabur, Indian Mustard Oil",EBD-2646,Pantry,Wholesale Club  - 014,No Category - 020,Kgs,0.93,0,12.3548,0,,,True
b15cd326-3400-4a7a-a313-b7a1d8cc913d,Date Paste,Date Paste,EBD-1869,Pantry,Tootsi - 009,Dried Fruit / Baking Supply Shelf - 008,Kgs,12.5,0,9.1496,62.5,,,True
e80c15e7-c991-4fbf-b7ae-354288fb8c15,Dehydrated Diced Mango,Dehydrated Diced Mango,EBD-1056,Pantry,Tootsi - 009,Dried Fruit / Baking Supply Shelf - 008,Kgs,20,0,7.75,25.31,,,True
eb0b3548-83d6-48ce-9886-09c059337a86,Dehydrated Diced Pineapple,Dehydrated Diced Pineapple,EBD-1055,Pantry,Tootsi - 009,Dried Fruit / Baking Supply Shelf - 008,Kgs,20,0,9.247,0,,,True
86b90df6-1817-4989-8e1e-e6db9748e11d,Diana Honey Garlic Barbeque Sauce,Diana Honey Garlic Barbeque Sauce,5129405,Pantry,GFS - 003,No Category - 020,Kgs,9.5,0,7.5789,0,,,True
a5cc72b3-ce7f-48fd-91a8-b75115d3610a,Diced Dates,Diced Dates,EBD-25,Pantry,Tootsi - 009,Dried Fruit / Baking Supply Shelf - 008,Kgs,10.21,0,3.3301,21.0581,,,True
473752aa-44eb-436b-ae9e-53fd3bea4e3c,Dijon Mustard,Dijon Mustard,EBD-367,Pantry,Wholesale Club  - 014,Sauces / Jar Veg Shelf - 025,Kgs,5.8,0,7.9276,6.839,,,True
4c8bb693-5279-43c2-9673-3d5b072c9eaf,Dill Weed,Dill Weed,EBD-107,Pantry,Wholesale Club  - 014,Spice Shelf - 028,Kgs,0.1,0,34.5,1.6322,,,True
ae4d2b12-295e-4389-aa3d-1749cf23a815,Dried Apricot,Dried Apricot,EBD-1017,Pantry,Wholesale Club  - 014,Dried Fruit / Baking Supply Shelf - 008,Kgs,0.5,0,19.98,0,,,True
be0eceed-8a35-4b27-956a-344ab6fab873,Dried Basil,Dried Basil,EBD-835,Pantry,Wholesale Club  - 014,Spice Shelf - 028,Kgs,0.1,0,49.8,0,,,True
4b706c9e-30dc-4893-9205-fe7a8c4055d9,Dried Cranberries,Dried Cranberries,EBD-23,Pantry,Costco - 001,Dry Storage,Kgs,1.8,0,8.8833,0,,,True
db9e0d77-fb3d-4312-8771-8adb91656fc4,Dried Oregano (Sunspun Brand),Dried Oregano (Sunspun Brand),EBD-437,Pantry,Wholesale Club  - 014,Spice Shelf - 028,Kgs,0.37,0,8.3514,0.4686,,,True
24070519-28e3-456d-a366-967f1d3b8336,Dried Rosemary,Dried Rosemary,EBD-665,Pantry,Wholesale Club  - 014,Spice Shelf - 028,Kgs,0.28,0,39.25,0.1572,,,True
bb847b76-8bd8-4a18-97f4-0b819860c6e1,Dried Thyme,Dried Thyme,EBD-391,Pantry,Wholesale Club  - 014,Seasonings / Condiment Shelf - 026,Kgs,0.23,0,21.6957,0.3277,,,True
4b46179c-f43c-43a7-9863-b205626836dd,Everything Bagel Spice,Everything Bagel Spice,EBD-1282,Pantry,Costco - 001,Dry Storage,Kgs,0.1,0,20,0,,,True
db40bd5b-5109-4c4c-9cfc-202270362c17,Fenugreek Leaves,Fenugreek Leaves,EBD-772,Pantry,Wholesale Club  - 014,Spice Rack - 027,Kgs,0.1,0,6.2,0,,,True
4572084b-3022-48ef-b535-c9af6ff18d2e,Franks Hot Sauce,Franks Hot Sauce,EBD-636,Pantry,Wholesale Club  - 014,Fridge (condiment Shelf) - 013,Kgs,3.78,0,5.0238,15.0073,,,True
c8a9dc41-d3f4-4829-a39f-83c1dd062567,Frozen Kirkland Signature Blueberries,Frozen Kirkland Signature Blueberries,EBD-441,Pantry,Costco - 001,Dry Storage,Kgs,2,0,7.495,0,,,True
56220cdf-6eac-4499-b9ec-f4c72ddc7edd,GF Rolled Oats (Tootsi),GF Rolled Oats (Tootsi),EBD-950,Pantry,Tootsi - 009,Dry Strage Shelf - 030,Kgs,22.68,0,5.6437,126.785,,,True
04f1b41a-0e5c-4b6f-b614-b085052e55c1,"Garam Masala (Quality Brand, Punjabi Style)","Garam Masala (Quality Brand, Punjabi Style)",EBD-297,Pantry,Wholesale Club  - 014,No Category - 020,Kgs,4.55,0,8.1297,0,,,True
7b02fe12-d14b-482f-b0a5-02f20dbeadfa,Garlic Powder (Kasuku Brand),Garlic Powder (Kasuku Brand),EBD-149,Pantry,Wholesale Club  - 014,Spice Shelf - 028,Kgs,2.5,0,10.396,6.6342,,,True
7f99e95e-62d4-4628-9f0e-96f4340d565b,Glod Plum Chinkiang Vinegar,Glod Plum Chinkiang Vinegar,EBD-2060,Pantry,Wholesale Club  - 014,No Category - 020,Kgs,0.55,0,3.6182,0,,,True
e72b52d5-6c2e-41a5-b6e4-91a3235ac366,Gluten Free BBQ Sauce,Gluten Free BBQ Sauce,EBD-114,Pantry,Wholesale Club  - 014,Fridge (condiment Shelf) - 013,Kgs,4,0,4.2475,13.2607,,,True
966d9804-319e-49ed-a23e-99b0cda424a1,Gochujang,Gochujang,EBD-827,Pantry,Wholesale Club  - 014,(old) Sauces - 003,g,1,0,0,0,,,True
d5573a77-9b90-4b4a-9047-ffff06884e38,Golden Boy Fish Sauce,Golden Boy Fish Sauce,EBD-2400,Pantry,GFS - 003,Dry Storage,Kgs,0.73,0,6.7397,0,,,True
2d13c535-b886-49e7-8a23-32f94015077d,Gordon Choice 7 Grain Blend Rice Mix,Gordon Choice 7 Grain Blend Rice Mix,1230016,Pantry,GFS - 003,No Category - 020,Kgs,5,0,6.6,22.3281,,,True
c4a00688-89c9-4501-a39d-5a8bc48835c1,Gordon Choice Bleached All Purpose Flour,Gordon Choice Bleached All Purpose Flour,5917005,Pantry,GFS - 003,Oils / Vinegars Shelf - 022,Kgs,20,0,1.122,0,,,True
f3ca4656-7aa0-4399-aebe-e15255385662,Gordon Choice Crushed Pineapples,Gordon Choice Crushed Pineapples,EBD-3016,Pantry,,,Kgs,18.3,0,43.983516,0,,,True
90fe5a26-037a-4d6b-b9d7-5d8841611b5e,Gordon Choice Sweet Chili Sauce,Gordon Choice Sweet Chili Sauce,1141988,Pantry,Wholesale Club  - 014,Sauces / Jar Veg Shelf - 025,Kgs,4,0,4.3725,17.3418,,,True
0b0073f3-82ca-4fff-a99b-e0f19ffcfc06,Green Curry Paste,Green Curry Paste,EBD-152,Pantry,Wholesale Club  - 014,Seasonings / Condiment Shelf - 026,Kgs,0.1,0,8,0,,,True
932206a1-2453-454a-998c-4cf9f44f55a6,Green lentils,Green lentils,EBD-563,Pantry,Wholesale Club  - 014,Misc Bulk Shelf - 019,Kgs,5,0,3.2,0,,,True
f05df7f1-71e2-4279-91ee-75d8336752dd,Ground Allspice,Ground Allspice,EBD-153,Pantry,Wholesale Club  - 014,Spice Shelf - 028,Kgs,0.4,0,19.975,0,,,True
8617fd50-5581-47a2-af82-f2aa3bc57b21,Ground Cardamon,Ground Cardamon,EBD-97,Pantry,Wholesale Club  - 014,Spice Shelf - 028,Kgs,0.1,0,63.9,0,,,True
cf14ab6a-efb6-481e-bf80-fc5a17d944c9,Ground Cinnamon,Ground Cinnamon,EBD-192,Pantry,Wholesale Club  - 014,Spice Shelf - 028,Kgs,1.5,0,11.9933,1.4603,,,True
158e3412-6400-4038-ae1d-77734a1da4ac,Ground Coriander,Ground Coriander,EBD-211,Pantry,Wholesale Club  - 014,Spice Shelf - 028,Kgs,4.54,0,6.6057,0,,,True
665ced84-4aa3-46e2-a84b-70b6adb5b665,Ground Cumin (QUALITY Brand),Ground Cumin (QUALITY Brand),EBD-158,Pantry,Wholesale Club  - 014,Spice Shelf - 028,Kgs,4.5,0,9.9978,3.9127,,,True
6669f956-3ab7-46f1-88cd-460d7c0da024,Ground Flax Seed,Ground Flax Seed,EBD-754,Pantry,Wholesale Club  - 014,Nuts / Seeds Shelf - 021,Kgs,5,0,3.198,0,,,True
eb886acb-cbd5-4a5f-87b1-88d6ae43b0e2,Ground Ginger,Ground Ginger,EBD-857,Pantry,Wholesale Club  - 014,Spice Shelf - 028,Kgs,0.35,0,17.1143,0.3642,,,True
d1e7b85f-c670-416f-b361-5140603a31fe,Ground Mustard,Ground Mustard,EBD-337,Pantry,Wholesale Club  - 014,Spice Shelf - 028,Kgs,0.1,0,24.9,1.6168,,,True
6a221025-1038-47bf-b556-4c65d07f8ef9,Ground Nutmeg A,Ground Nutmeg A,EBD-98,Pantry,Wholesale Club  - 014,Spice Shelf - 028,Kgs,0.46,0,36.9348,0,,,True
4644d102-dcff-418a-83f2-2b90c5c12299,Ground Turmeric,Ground Turmeric,EBD-61,Pantry,Wholesale Club  - 014,Spice Shelf - 028,Kgs,4.5,0,5.9978,6.5262,,,True
744ac44f-3f06-49b6-a748-c948077151a8,HP Sauce,HP Sauce,EBD-1992,Pantry,GFS - 003,No Category - 020,Kgs,7,0,10.714286,7.3892,,,True
308a3c08-630b-4932-a53f-8f34728be47a,Hemp Seeds,Hemp Seeds,EBD-956,Pantry,Tootsi - 009,Quick Access Bin Shelf - 023,Kgs,11.34,0,14.3739,0,,,True
bbd2bb5e-f198-4dcf-adb9-04956078bc7d,Hoisin Sauce,Hoisin Sauce,1355877,Pantry,GFS - 003,Fridge (condiment Shelf) - 013,Kgs,4.54,0,7.3084,0,,,True
6b34867c-72f8-46dc-a347-31b7103a2009,Honey,Honey,EBD-2312,Pantry,Wholesale Club  - 014,No Category - 020,Kgs,1,0,11.5,1.588,,,True
cfd2b2de-0084-4017-8e17-9ce5d28af387,Horseradish,Horseradish,EBD-2099,Pantry,Wholesale Club  - 014,No Category - 020,Kgs,8,0,6.4962,0,,,True
9c4df31b-1e7b-48dc-8375-4cdf51945f8b,Kesar Mango Pulp,Kesar Mango Pulp,EBD-302,Pantry,Wholesale Club  - 014,Seasonings / Condiment Shelf - 026,Kgs,0.85,0,5.2824,34.6398,,,True
271588dc-1091-4f39-8b1c-13d859cfc5b8,Kikkoman Tamari Soy Sauce,Kikkoman Tamari Soy Sauce,1427356,Pantry,Pratt's - 007,Sauces / Jar Veg Shelf - 025,Kgs,11.34,0,11.0229,4.095,,,True
fc50c556-b17d-42ab-b0f4-14154216f52b,Kirkland Signature Organic Maple Syrup,Kirkland Signature Organic Maple Syrup,EBD-188,Pantry,Costco - 001,Seasonings / Condiment Shelf - 026,Kgs,1,0,18.49,40.8786,,,True
49977f0f-888c-4738-b0c8-eec8f9e90903,Kirkland Signature Organic Virgin Coconut Oil,Kirkland Signature Organic Virgin Coconut Oil,EBD-1,Pantry,Costco - 001,Oils / Vinegars Shelf - 022,Kgs,2.3,0,9.5609,73.5345,,,True
6c31bd08-93cd-48a8-86b1-71359f28c86b,Kirkland Signature Shelled Walnuts,Kirkland Signature Shelled Walnuts,EBD-43,Pantry,Costco - 001,No Category - 020,Kgs,1.36,0,8.0809,0.8493,,,True
b73c1dd7-38bf-4e57-9cfc-7536644e90bc,Kitchen Essentials Feta Cheese,Kitchen Essentials Feta Cheese,EBD-2326,Pantry,GFS - 003,Dry Storage,Kgs,3,0,16.6633,0,,,True
4ffd01d5-72f3-4659-918c-7cc902a1cd5b,Knorr Professional Gravy Mix,Knorr Professional Gravy Mix,EBD-3004,Pantry,,,Kgs,0.43,0,11.99,0,,,True
ea6ea7af-8ce5-4953-9bb6-a3e4c3946cbe,Lebanese Zaatar (TAMAM Brand),Lebanese Zaatar (TAMAM Brand),EBD-273,Pantry,Wholesale Club  - 014,Spice Shelf - 028,Kgs,0.1,0,16.1,0,,,True
6654178e-3411-430b-985d-0c77ca16bf08,Lemon Juice,Lemon Juice,2377805,Pantry,GFS - 003,Fridge (liquid Ingredients) - 015,Kgs,7.6,0,3.8145,13.1439,,,True
e3f61850-8020-4a3e-b750-9666cfeb2359,Lemon Pepper Spice,Lemon Pepper Spice,EBD-317,Pantry,Costco - 001,Seasonings / Condiment Shelf - 026,Kgs,0.1,0,10.5,0,,,True
e030c48e-d57a-4fac-8ebc-5e8ea880071c,Liquid Smoke,Liquid Smoke,EBD-257,Pantry,Wholesale Club  - 014,Sauces / Jar Veg Shelf - 025,Kgs,0.1,0,29,0,,,True
fe5fb27e-f6ec-4a3d-be15-147007ade44b,Madras Yellow Curry Powder,Madras Yellow Curry Powder,EBD-157,Pantry,Wholesale Club  - 014,Spice Shelf - 028,Kgs,0.4,0,9.475,2.1373,,,True
ee787bd1-10ed-4cb7-84ad-3d98ea6438cc,Marinated Quartered Artichoke Hearts,Marinated Quartered Artichoke Hearts,EBD-1267,Pantry,Wholesale Club  - 014,Sauces / Jar Veg Shelf - 025,Kgs,1.2,0,11.075,0,,,True
e86c8417-8840-4846-9775-23638751ed96,Mince Soy Protein,Mince Soy Protein,EBD-1139,Pantry,Soy Mince  - 016,Dry Storage (cases) - 009,Kgs,10,0,7.8,17.9792,,,True
2f9587ad-3dc6-4487-8324-ce207497407c,Minced Garlic,Minced Garlic,2171605,Pantry,GFS - 003,Sauces / Jar Veg Shelf - 025,Kgs,4,0,6.3925,0,,,True
09e5b0fc-7b34-4441-9add-914b976ae69a,Montreal Steak Spice,Montreal Steak Spice,EBD-2101,Pantry,Wholesale Club  - 014,No Category - 020,Kgs,0.83,0,10.8313,0,,,True
b2071bae-0c40-401b-be01-f9b39ca49130,Mustard Seeds Black,Mustard Seeds Black,EBD-154,Pantry,Wholesale Club  - 014,Spice Shelf - 028,Kgs,0.2,0,9.95,0,,,True
d09eb882-90a2-4176-95cd-fd05ef943f1b,No Name Brand Ketchup,No Name Brand Ketchup,EBD-600,Pantry,Wholesale Club  - 014,Seasonings / Condiment Shelf - 026,Kgs,4,0,2.8725,4.1846,,,True
eccf8e97-538f-472e-a80d-0ad2550ec201,No Name Brand Orange Juice,No Name Brand Orange Juice,EBD-112,Pantry,Wholesale Club  - 014,Fridge (liquid Ingredients) - 015,Kgs,12,0,1.1658,0,,,True
8baeb6d8-a8dc-4599-b436-8225a210828e,No Name Brand Poultry Seasoning,No Name Brand Poultry Seasoning,EBD-717,Pantry,Wholesale Club  - 014,Seasonings / Condiment Shelf - 026,Kgs,0.1,0,35.6,0.4477,,,True
17756609-0572-435a-a212-098767f98f4a,Nori Seaweed,Nori Seaweed,EBD-332,Pantry,Wholesale Club  - 014,Spice Shelf - 028,Kgs,0.1,0,71.4,0,,,True
80200104-4bb9-49ad-83ea-2ca0611d412b,Nutritional Yeast,Nutritional Yeast,EBD-143,Pantry,Websturant  - 015,Nuts / Seeds Shelf - 021,Kgs,22.7,0,25.5507,13.16,,,True
966a5f0e-4ce7-423d-afc4-a2fecc967a6a,Ocean Spray Dried Cranberries,Ocean Spray Dried Cranberries,EBD-196,Pantry,Costco - 001,Dried Fruit / Baking Supply Shelf - 008,Kgs,1.8,0,8.8833,15.2962,,,True
ec24f55d-aa52-4e67-ab01-bbeef744c1f7,Olive Oil (Kirkland Signature),Olive Oil (Kirkland Signature),EBD-7,Pantry,Costco - 001,Oils / Vinegars Shelf - 022,Kgs,3,0,10.9967,0,,,True
cc1a6f75-dc7d-4c74-94b9-d234c6591052,Onion Powder (Kasuku Brand),Onion Powder (Kasuku Brand),EBD-277,Pantry,Wholesale Club  - 014,Spice Shelf - 028,Kgs,0.45,0,11.0889,0.4783,,,True
30082d1b-1811-4bbc-bf7e-7f126a383cac,Paprika,Paprika,EBD-146,Pantry,Wholesale Club  - 014,Spice Shelf - 028,Kgs,2.27,0,8.365639,20.3171,,,True
d474e252-01fa-47f1-abc4-c21924acd425,Paprika 1,Paprika 1,EBD-909,Pantry,Wholesale Club  - 014,Spice Shelf - 028,Kgs,1.8,0,11.6611,19.212,,,True
10174286-16bd-4311-8d9e-664df6d38dc0,Pea Protein Powder,Pea Protein Powder,EBD-1026,Pantry,Tootsi - 009,Misc Bulk Shelf - 019,Kgs,20,0,11.45,37.882,,,True
6de4129d-4d4a-49de-b59e-dc0a36ea40d0,Peanut Butter,Peanut Butter,EBD-59,Pantry,Costco - 001,Dry Strage Shelf - 030,Kgs,2,0,7.745,42.479,,,True
1d294d46-a384-4803-bdf5-cda651e77877,Pickled Jalapeno,Pickled Jalapeno,EBD-403,Pantry,Wholesale Club  - 014,Dry Storage,Kgs,3.78,0,3.172,0,,,True
aede8340-cd4d-45aa-b74c-a558b8f2b73f,Pineapple Juice,Pineapple Juice,EBD-113,Pantry,Wholesale Club  - 014,Seasonings / Condiment Shelf - 026,Kgs,0.1,0,3.3,4.6309,,,True
222e28b6-428d-4554-9931-04478b38f2ce,Piri Piri Seasoning,Piri Piri Seasoning,EBD-1621,Pantry,Wholesale Club  - 014,Seasonings / Condiment Shelf - 026,Kgs,0.6,0,24.3167,5.3049,,,True
281aa326-3983-4517-99bf-0c187848df3b,Poppy Seeds,Poppy Seeds,EBD-1099,Pantry,Wholesale Club  - 014,Dry Storage,Kgs,0.1,0,14.6,0,,,True
372453c4-b77b-4e4a-a713-ab5361f09e76,Pre-Diced Peanuts,Pre-Diced Peanuts,EBD-13,Pantry,Tootsi - 009,Nuts / Seeds Shelf - 021,Kgs,25,0,5.28,130.883,,,True
d5448611-2875-4c23-ae40-3057920bb6db,Pre-Made Pickling Seasoning,Pre-Made Pickling Seasoning,EBD-118,Pantry,Wholesale Club  - 014,Spice Shelf - 028,Kgs,21,0,1.9148,0,,,True
0483b3ee-4a61-4083-adb1-a328d5555775,Red Curry Paste,Red Curry Paste,EBD-220,Pantry,Wholesale Club  - 014,Seasonings / Condiment Shelf - 026,Kgs,0.1,0,8,8.1907,,,True
b405702c-6189-4aac-9d7e-7994f53818dc,Red Lentils,Red Lentils,EBD-32,Pantry,Wholesale Club  - 014,No Category - 020,Kgs,5,0,1.2,0,,,True
af9f628d-f8f2-48d0-ade8-8b698b71e79f,Red Raisin,Red Raisin,EBD-24,Pantry,Wholesale Club  - 014,Misc,Kgs,8,0,0.695,0,,,True
872664d9-c733-49db-a9c6-9f809233ddd9,Rice Noodle (M),Rice Noodle (M),EBD-47,Pantry,Wholesale Club  - 014,Starches / Gf Shelf - 029,Kgs,0.45,0,5.088889,22.7745,,,True
23e68393-6554-4da2-a185-bf1b7d57146b,Rice Noodle (S) Rooster Brand (Pancit),Rice Noodle (S) Rooster Brand (Pancit),EBD-2496,Pantry,Wholesale Club  - 014,Dry Storage,Kgs,0.45,0,4.422222,0,,,True
11e6950e-3a2c-4d60-87ce-7c18f52b48c5,Rice Wine Vinegar,Rice Wine Vinegar,1505373,Pantry,Wholesale Club  - 014,Sauces / Jar Veg Shelf - 025,Kgs,0.71,0,7.732394,0,,,True
7e1f4ae5-a724-4715-8a5f-3ac39e56d4c3,Roasted Red Pepper And Garlic Seasoning (Clubhouse Brand),Roasted Red Pepper And Garlic Seasoning (Clubhouse Brand),EBD-1622,Pantry,Wholesale Club  - 014,Seasonings / Condiment Shelf - 026,Kgs,0.66,0,21.9545,4.8755,,,True
9d26d1b2-fc07-4159-a4b5-f8cd25d1f307,Rose Hill Cajun Blend Spice Seasoning,Rose Hill Cajun Blend Spice Seasoning,EBD-2933,Pantry,Wholesale Club  - 014,Nuts / Seeds Shelf - 021,Kgs,0.65,0,26.1385,0,,,True
41ff33d9-2b35-4313-b680-262a141ed5c5,Rose Hill Jerk Seasoning,Rose Hill Jerk Seasoning,EBD-2189,Pantry,Wholesale Club  - 014,Seasonings / Condiment Shelf - 026,Kgs,0.68,0,22.0441,0,,,True
e38a3fc4-1dfe-4ccb-9c7c-7e9f5c84de33,Rose Hill Vegetable Rice Seasoning,Rose Hill Vegetable Rice Seasoning,EBD-1803,Pantry,Wholesale Club  - 014,Seasonings / Condiment Shelf - 026,Kgs,0.75,0,18.12,0,,,True
6b9302cc-eeef-4dba-9832-d5b84efada72,Rotini Pasta,Rotini Pasta,EBD-565,Pantry,Wholesale Club  - 014,Starches / Gf Shelf - 029,Kgs,9.07,0,2.9757,0,,,True
c323b014-ae6c-4278-aab7-8438ece6596c,SUNSPUN Penne,SUNSPUN Penne,EBD-564,Pantry,Wholesale Club  - 014,Starches / Gf Shelf - 029,Kgs,9.07,0,2.9757,3.87,,,True
27ace916-c67d-4b58-9a0c-14e511a21be3,Sambal,Sambal,EBD-315,Pantry,Wholesale Club  - 014,Fridge (condiment Shelf) - 013,Kgs,0.1,0,8.6,3.0189,,,True
8d8ea32c-c2fa-427a-b2ea-86a40c4debb0,Shredded Coconut,Shredded Coconut,EBD-41,Pantry,Tootsi - 009,Dry Storage,Kgs,12.02,0,7.4742,0,,,True
9b0ef5d8-9809-430e-a88e-3792bf00e876,Shredded Toasted Coconut,Shredded Toasted Coconut,EBD-1749,Pantry,Tootsi - 009,Nuts / Seeds Shelf - 021,Kgs,1,0,7.6,38.364,,,True
6dfd3716-98df-47e7-99b8-8f58848d9161,Siracha Sauce,Siracha Sauce,EBD-2114,Pantry,Wholesale Club  - 014,(old) Sauces - 003,Kgs,0.85,0,5.8706,0,,,True
11b3ca04-6d37-4a5a-9991-431c8a85f28e,Sliced Almonds,Sliced Almonds,EBD-1199,Pantry,Tootsi - 009,Nuts / Seeds Shelf - 021,Kgs,11.34,0,12.0811,27.987,,,True
370254fd-bee8-40f9-8fb5-774ef286402a,Sliced Pickled Turnips,Sliced Pickled Turnips,EBD-1449,Pantry,Wholesale Club  - 014,Sauces / Jar Veg Shelf - 025,Kgs,3,0,3.83,9.9221,,,True
4dd04ffa-c089-4ea1-b74b-3ddf79861c9d,Soya And Sesame Oil,Soya And Sesame Oil,EBD-17,Pantry,Wholesale Club  - 014,Sauces / Jar Veg Shelf - 025,Kgs,3.8,0,5.6553,0,,,True
e21c3d8f-660a-42ab-8b36-57cd2d7f2646,Spaghetti,Spaghetti,EBD-140,Pantry,Wholesale Club  - 014,Starches / Gf Shelf - 029,Kgs,9.07,0,2.8104,0,,,True
4a64b37b-2c27-4653-ad4b-41250b78f819,Spicy Tag for Dislikes,Spicy Tag for Dislikes,EBD-1489,Pantry,n / a,Dry Storage,each,1,0,0,0,,,True
67cf2231-2bc2-4289-a0d4-ce860cad84bc,Sriracha Hot Sauce,Sriracha Hot Sauce,EBD-37,Pantry,Wholesale Club  - 014,Sauces / Jar Veg Shelf - 025,Kgs,0.82,0,5.4756,0,,,True
9945253b-9b30-4790-9538-37189cbf3d81,Sriracha Tabasco Sauce,Sriracha Tabasco Sauce,1333563,Pantry,GFS - 003,No Category - 020,Kgs,3.78,0,15.873,5.5987,,,True
6ce5dd4f-c3b6-47b0-9da6-87c92353ac6c,"Stanislaus, Al Dente Pasta, Sauce","Stanislaus, Al Dente Pasta, Sauce",2569805,Pantry,GFS - 003,No Category - 020,Kgs,17.04,0,3.7113,27.1032,,,True
a0729fb3-65f2-4404-bbb5-3b524a2761d5,Sundried Tomatoes (Tootsi),Sundried Tomatoes (Tootsi),EBD-458,Pantry,Tootsi - 009,Misc Bulk Shelf - 019,Kgs,10,0,12.4,0,,,True
52934472-7c7e-4ba7-ac32-2f7beab5a3bb,Sunspun Cracked Black Pepper,Sunspun Cracked Black Pepper,EBD-2086,Pantry,Wholesale Club  - 014,No Category - 020,Kgs,0.42,0,22.5952,0.9997,,,True
b1093ca1-1dcc-40fa-9f76-f25414f6dea4,Sunspun Italian Seasoning,Sunspun Italian Seasoning,EBD-2865,Pantry,Wholesale Club  - 014,No Category - 020,Kgs,0.15,0,21.9333,0.1331,,,True
872b6394-3225-4f3d-ba90-89ba94ce2689,Sunspun Linguini Pasta,Sunspun Linguini Pasta,EBD-2600,Pantry,Wholesale Club  - 014,No Category - 020,Kgs,9.07,0,3.086,0,,,True
62019633-7224-4015-83d4-787ad31d17d2,Sunspun or no name Chili Powder,Sunspun or no name Chili Powder,EBD-229,Pantry,Wholesale Club  - 014,Spice Shelf - 028,Kgs,0.6,0,12.4833,0.6647,,,True
1738f02a-4c58-4aed-808a-8193eba97080,Sweet Relish,Sweet Relish,EBD-698,Pantry,Wholesale Club  - 014,Dry Storage,Kgs,0.75,0,4.6533,0,,,True
34d18b30-07c7-42f0-b403-93b7cf263e2a,T&T Buckwheat Soba Noodles,T&T Buckwheat Soba Noodles,EBD-2421,Pantry,T & T - 013,No Category - 020,Kgs,0.91,0,6.5824,0,,,True
de8e22a7-6a9b-4daf-9b89-2ddf69d3596c,Table Salt,Table Salt,EBD-147,Pantry,Wholesale Club  - 014,Misc Bulk Shelf - 019,Kgs,20,0,0.4245,19.2436,,,True
d2d62c48-2513-4f54-be3d-c62a6f192613,Tahini (TAMAM Brand),Tahini (TAMAM Brand),EBD-64,Pantry,Wholesale Club  - 014,Oils / Vinegars Shelf - 022,Kgs,18,0,6.1106,0,,,True
a4dda489-120b-4d5e-867c-d488a9440461,Tavolini Orzo Pasta,Tavolini Orzo Pasta,1247963,Pantry,GFS - 003,Starches / Gf Shelf - 029,Kgs,9.07,0,5.3385,0,,,True
f39df7ff-b9ba-4733-969b-2ea4ddf3117d,Tavolini Sliced Green Olives,Tavolini Sliced Green Olives,4353106,Pantry,GFS - 003,No Category - 020,Kgs,0.9,0,10.5556,0,,,True
335e1bbd-f804-42f5-9b26-7460e5e75b38,Tavolini Sundried Tomato,Tavolini Sundried Tomato,1488324,Pantry,GFS - 003,No Category - 020,Kgs,11.25,0,10.4756,5.1964,,,True
139c99e6-a48a-47dc-a2a5-59eac03fbd1c,Tempeh,Tempeh,EBD-1985,Pantry,Vegan Supply - 010,No Category - 020,Kgs,4.5,0,10.4422,0,,,True
22b920a9-021f-4d61-aa8f-9bbbf80a8ef7,Tomato Paste,Tomato Paste,1162738,Pantry,GFS - 003,Canned Veg Shelf - 007,Kgs,17.04,0,3.2512,4.9728,,,True
03b51192-5574-4a03-b8d2-98929a179847,"Tomatoes, Crushed, In Puree","Tomatoes, Crushed, In Puree",2898605,Pantry,GFS - 003,(old) Canned Goods - 001,Kgs,17.04,0,3.7201,0,,,True
b5badde1-166b-4887-9962-a5936e2f72ee,Tortilla Chip,Tortilla Chip,EBD-2031,Pantry,Wholesale Club  - 014,No Category - 020,Kgs,2.72,0,4.4081,0,,,True
e21eb1a8-defc-4288-8400-e769c03fb06b,Tri Color Pearl Couscous,Tri Color Pearl Couscous,EBD-1894,Pantry,Tootsi - 009,No Category - 020,Kgs,22,0,3.9091,0,,,True
4efea8fd-b0c2-4647-ba5b-f22d00af7f12,Tri-Color Quinoa,Tri-Color Quinoa,EBD-915,Pantry,Tootsi - 009,Starches / Gf Shelf - 029,Kgs,11.34,0,8.642,29.6749,,,True
6dd6a8ac-4a34-4623-89d7-3a03649e568a,Trophy Foods Roasted Salted Sunflower Seeds,Trophy Foods Roasted Salted Sunflower Seeds,8008805,Pantry,GFS - 003,Nuts / Seeds Shelf - 021,Kgs,6,0,8.5267,11.538,,,True
a258af63-f094-4e4f-87fd-980eb710fb03,Udon Noodles,Udon Noodles,3327405,Pantry,GFS - 003,Misc,Kgs,7.2,0,7.5,0,,,True
8ed929a7-e0ba-440f-8e74-405c575cf061,Unsalted Pumpkin Seeds,Unsalted Pumpkin Seeds,EBD-174,Pantry,Tootsi - 009,Nuts / Seeds Shelf - 021,Kgs,11.34,0,9.7884,50.4247,,,True
af47d65d-fd5f-4d70-9426-850cfd020f35,Vanilla Extract,Vanilla Extract,EBD-944,Pantry,Wholesale Club  - 014,Dried Fruit / Baking Supply Shelf - 008,Kgs,1,0,8.99,1.1482,,,True
b31e6c48-1ade-4ce8-b9c8-894b20d9c451,Veg Soup Base (Tootsi Brand),Veg Soup Base (Tootsi Brand),EBD-964,Pantry,Tootsi - 009,Misc Bulk Shelf - 019,Kgs,4.99,0,6.6132,29.045,,,True
4f6209d7-52ca-4dac-82c3-2bde7355c043,Vegan Chocolate Chips,Vegan Chocolate Chips,EBD-286,Pantry,Tootsi - 009,Dry Strage Shelf - 030,Kgs,2,0,8.9,0,,,True
60d73b58-6609-4b79-8884-712be9f1c84a,Water,Water,EBD-39,Pantry,n / a - 006,Randoms - 024,Kgs,0.1,0,0,851.2655,,,True
8361358b-4e1c-4e2c-a449-2be6a2cdd9f9,White Calrose Rice,White Calrose Rice,EBD-349,Pantry,Wholesale Club  - 014,Starches / Gf Shelf - 029,Kgs,18.1,0,3.0381,20.3407,,,True
43152ddf-de6e-4fcd-bf11-6731736a955c,White Sesame Seeds,White Sesame Seeds,EBD-19,Pantry,Tootsi - 009,Dry Strage Shelf - 030,Kgs,22.68,0,5.6437,18.1237,,,True
f9f0d72b-e259-4ee7-8068-620c9e478d00,White Vinegar,White Vinegar,9644005,Pantry,GFS - 003,Oils / Vinegars Shelf - 022,Kgs,20,0,0.934,13.6012,,,True
2e347a9b-bf92-4563-b0c9-4b8faf7e3174,White Wine Vinegar,White Wine Vinegar,9644205,Pantry,GFS - 003,Oils / Vinegars Shelf - 022,Kgs,10,0,2.556,3.8312,,,True
4e9f9dbf-8bf3-4a83-9ea0-24937210e77c,Whole Almonds,Whole Almonds,EBD-487,Pantry,Tootsi - 009,Nuts / Seeds Shelf - 021,Kgs,1.36,0,12.125,57.178,,,True
e0fa46c4-7902-4495-b1e9-480bc658dbb1,Whole Fennel Seeds,Whole Fennel Seeds,EBD-2768,Pantry,Wholesale Club  - 014,No Category - 020,Kgs,0.1,0,7.9,0,,,True
2f37f01a-f36e-474f-89a4-5a3496974bb5,Whole Grain Dijon Mustard,Whole Grain Dijon Mustard,EBD-2336,Pantry,Wholesale Club  - 014,No Category - 020,Kgs,8,0,6.6875,2.0677,,,True
c95dc846-47f3-4325-b8bd-c9b706a2370e,Whole Pecans,Whole Pecans,EBD-742,Pantry,Tootsi - 009,Nuts / Seeds Shelf - 021,Kgs,0.91,0,21.967,0,,,True
4616ffc8-d300-4093-8298-26493a7fb541,Whole Unshelled Pistachio,Whole Unshelled Pistachio,EBD-674,Pantry,Costco - 001,Misc,Kgs,0.68,0,33.8088,0,,,True
07958b29-894a-490c-a03f-f418c37e7456,Yam Noodle,Yam Noodle,EBD-523,Pantry,T & T - 013,Dry Storage,Kgs,2.5,0,7.996,0,,,True
93fb61e7-b07d-4652-96bd-5924a419f149,Yellow Mustard,Yellow Mustard,EBD-829,Pantry,Wholesale Club  - 014,Fridge (condiment Shelf) - 013,Kgs,0.1,0,2.2,8.6722,,,True
b156946f-ae8d-40fb-ba20-aa2273606ce0,Cilantro [Removable Garnish],Cilantro [Removable Garnish],ING-15,Produce,GFS - 003,Fridge (produce Rack) - 016,Kgs,1.8,0,4.65,0,,,True
fdb1fa8e-a67c-40d6-977b-e87a8a4a17aa,DSI Extra Firm Tofu,DSI Extra Firm Tofu,ING-119,Produce,DSI - 002,Fridge (tofu Rack) - 017,Kgs,4.5,0,7,0,,,True
702cdd7a-524f-4f8f-bfc4-fcf655229035,DSI Smooth Tofu,DSI Smooth Tofu,ING-268,Produce,DSI - 002,Fridge (tofu Rack) - 017,Kgs,7,0,3.1429,0,,,True
7eb51c19-da6d-49ef-bac6-38020f6d6637,Fresh Start Shanghai Bok Choy,Fresh Start Shanghai Bok Choy,ING-2985,Produce,GFS - 003,,Kgs,4.54,0,13.6211,0,,,True
67f05a94-6995-4383-a29f-b621bb21a784,Pepperoncini,Pepperoncini,EBD-2956,Produce,,,Kgs,10.23,0,1.999022,0,,,True
52aa8ba2-3dc1-4c37-97d9-9c8058f70911,Turnips,Turnips,EBD-T001,Produce,,,Kgs,11.34,0,3.385362,0,,,True
ff92499d-cbe2-4c01-a56e-9b993c344a67,Intercity Custom Meats 1In Diced Beef,Intercity Custom Meats 1In Diced Beef,EBD-2742,Protein,,,Kgs,4.54,0,18.762115,0,,,True
923adebe-0605-446c-a826-919f4ac7c5b7,"Whole Beef Chuck Flat, Fresh","Whole Beef Chuck Flat, Fresh",EBD-2989,Protein,,,Kgs,4,0,37.5,0,,,True
